SrcId,FromMap,ToMap,ServerId,FromDest,FromX,FromY,FromZ,ToDest,ToX,ToY,ToZ
3,Mir_Dg03,Mir_Dg03_1,3,矿区二层,24798.135,25243.795,51187.35,矿区二层,18917.72,20814.127,51420.62
3,Mir_Dg03_1,Mir_Dg03,1,矿区一层,18922.857,20280.67,51409.984,矿区一层,24799.55,24711.252,51214.324
2,Mir_Dg03,Mir_Dg03_1,2,矿区二层,45170.746,32587.26,51209.418,矿区二层,27699.984,9667.785,51179.04
2,Mir_Dg03_1,Mir_Dg03,3,矿区一层,27699.188,8959.584,51173.062,矿区一层,45164.02,32042.787,51218.645
1,Mir_Dg03_1,Mir_Dg03_2,2,矿区三层,28419.297,47316.723,50860.453,矿区三层,46617.83,12675.096,51204.53
1,Mir_Dg03_2,Mir_Dg03_1,1,矿区二层,46613.16,11945.951,51153.75,矿区二层,28427.48,46611.58,51022.547
5,Mir_Dg05,Mir_Dg04,1,沃玛森林,56120.93,78116.38,19106.357,沃玛森林,52047.18,30229.496,12816.998
4,Mir_Dg05,Mir_Dg05_1,3,沃玛寺庙二层,60217.84,46886.98,19767.742,沃玛寺庙二层,48525.68,65979.81,28990.203
5,Mir_Dg05_1,Mir_Dg05,2,沃玛寺庙一层,49048.32,65981.87,28980.31,沃玛寺庙一层,59644.266,46884.793,19804.498
4,Mir_Dg05_1,Mir_Dg05_2,1,沃玛寺庙三层,46035.332,40544.586,28062.133,沃玛寺庙三层,20357.527,39282.87,28507.625
1,Mir_Dg05_2,Mir_Dg05_1,1,沃玛寺庙二层,21096.988,39279.727,28457.828,沃玛寺庙二层,45709.324,40553.277,28105.45
3,Mir_Dg05_1,Mir_Dg05_1,3,藏经阁,32772.746,81018.02,28578.502,藏经阁,17190.75,15286.525,28062.994
2,Mir_Dg05_1,Mir_Dg05_1,4,沃玛寺庙二层,23530.92,14204.408,28645.266,沃玛寺庙二层,32218.223,80996.51,28544.996
6,Mir_Dg04,Mir_Dg05,2,沃玛寺庙,52521.812,30226.904,12829.547,沃玛寺庙入口,56657.383,78117.35,19185.889
3,Mir_Dg05,Mir_Dg05,2,沃玛寺庙一层,64700.777,77118.445,19090.213,沃玛寺庙一层,40905.312,49333.977,20018.998
30,MirPb01,MirDg01,2,死亡峡谷一层,82640.49,48513.88,6671.783,死亡峡谷一层,76319.75,23168.207,27971
2,MirDg01,MirPb01,1,盟重省,76313.68,23713.502,28003.113,盟重省,81916.94,48694.22,6710.92
1,Mir_Dg03,Mir_Pb02,1,比奇省,8512.974,12760.787,51208.312,比奇省,49151.465,92143.516,43443.973
50,Mir_Pb02,Mir_Dg03,1,比奇矿区,49152.53,92890.89,43471.555,比奇矿洞,9057.081,12755.176,51295.438
5,Mir_Dg04,Mir_Dg04,3,堕落坟场,58323.55,57474.3,12470.398,堕落坟场,66067.63,83721.18,11703.787
4,Mir_Dg04,Mir_Dg04,4,沃玛森林,66359.414,83540.016,11721.81,沃玛森林,57921.99,57471.117,12616.1
29,MirPb01,Mir_Dg02,3,石墓一层,42529.574,53493.3,6970.413,石墓一层,56308.62,19647.484,7291.814
3,Mir_Dg02,MirPb01,3,盟重省,56304,18702.379,7319.188,盟重省,42540.473,52943.855,6886.351
2,Mir_Dg02,Mir_Dg02_1,1,石墓二层,17327.078,29409.424,7701.339,石墓二层,59850.94,37433.637,7703.415
4,Mir_Dg02_1,Mir_Dg02,1,石墓一层,60512.74,37386.504,7681.66,石墓一层,18139.863,29417.557,7725.487
1,Mir_Dg02,Mir_Dg02_1,2,石墓二层,16454.188,56278.395,7693.802,石墓二层,58367.89,54127.17,7411.464
3,Mir_Dg02_1,Mir_Dg02,2,石墓一层,59149.22,54087.555,7636.302,石墓一层,16987.586,56287.516,7710.616
2,Mir_Dg02_1,Mir_Dg02_2,3,石墓三层,19730.006,28326.842,7681.035,石墓三层,47697.832,57928.14,7933.652
2,Mir_Dg02_2,Mir_Dg02_1,2,石墓二层,47686.16,58867.445,7925.625,石墓二层,19689.57,28999.082,7680
1,Mir_Dg02_2,Mir_Dg02_3,1,石墓四层,17895.08,28899.584,7718.973,石墓四层,53124.883,65898.53,7691.174
2,Mir_Dg02_3,Mir_Dg02_2,2,石墓三层,54008.773,65869.695,7678.098,石墓三层,18489.84,28913.574,7680
1,Mir_Dg02_3,Mir_Dg02_4,1,石墓五层,22812.668,35963.117,7692.33,石墓五层,47689.5,58106.773,7944.916
2,Mir_Dg02_4,Mir_Dg02_3,1,石墓四层,47682.06,59007.066,7943.208,石墓四层,22821.809,36600.633,7698.812
21,Mir_Pb03,Mir_Pb02,1,比奇省,81460.66,70688.25,4299.44,比奇省,62627.773,32498.434,43718.492
49,Mir_Pb02,Mir_Pb03,3,边界村,62727.816,31313.266,44225.61,边界村,81466.555,70130.734,4313.919
20,Mir_Pb03,Mir_Pb03,3,森林深处,70148.52,25887.613,5331.157,森林深处,92418.27,103176.95,4660.673
19,Mir_Pb03,Mir_Pb03,4,边界村,91970.625,103202.98,4648.808,边界村,70236.96,25243.637,5399.215
48,Mir_Pb02,Mir_Pb02,5,服饰店,59894.367,39374.11,43746.492,服饰店,10230.307,41639.508,44455.062
47,Mir_Pb02,Mir_Pb02,14,比奇省,9676.732,41631.457,44465.324,比奇省,59371.4,39365.133,43713.844
46,Mir_Pb02,Mir_Pb02,15,比奇省,9679.639,43987.973,44477.203,比奇省,59366.39,41909.492,43713
45,Mir_Pb02,Mir_Pb02,6,服饰店,59904.664,41898.668,43747.93,服饰店,10147.731,43904.227,44455.062
44,Mir_Pb02,Mir_Pb02,10,武器店,56214.03,45069.65,43745.24,武器店,4893.313,51858.254,44468.453
43,Mir_Pb02,Mir_Pb02,19,比奇省,4882.616,51303.816,44506.49,比奇省,56210.65,44534.645,43713
42,Mir_Pb02,Mir_Pb02,11,武器店,53763.094,45048.188,43752.65,武器店,2356.538,51862.035,44468.453
41,Mir_Pb02,Mir_Pb02,20,比奇省,2355.305,51304.25,44525.363,比奇省,53755.695,44438.84,43713
40,Mir_Pb02,Mir_Pb02,7,首饰店,64683.42,41132.555,43759.09,饰品店,3166.873,40725.414,44435.973
39,Mir_Pb02,Mir_Pb02,21,比奇省,2701.029,40634.637,44453.39,比奇省,64355.168,41087.21,43700.992
38,Mir_Pb02,Mir_Pb02,22,比奇省,2699.225,43354.91,44469.82,比奇省,64349.72,43259.848,43710.992
37,Mir_Pb02,Mir_Pb02,8,首饰店,64887.785,43259.043,43761.543,饰品店,3170.879,43267.707,44435.973
36,Mir_Pb02,Mir_Pb02,16,比奇省,9777.855,53855.05,44476.824,比奇省,59103.133,44531.082,43713
35,Mir_Pb02,Mir_Pb02,9,药店,59643.79,44531.4,43791.277,药店,9774.033,53305.71,44464.664
34,Mir_Pb02,Mir_Pb02,12,书店,67243.94,49938.31,43759.54,书店,9956.925,62178.527,44486.18
33,Mir_Pb02,Mir_Pb02,17,比奇省,9956.712,61635.7,44499.3,比奇省,67252.38,49420.652,43725.31
32,Mir_Pb02,Mir_Pb02,13,仓库,70140.96,44534.68,43807.93,仓库一层,3263.281,61820.844,44426.582
31,Mir_Pb02,Mir_Pb02,18,比奇省,3260.773,61274.24,44451.645,比奇省,70140.164,44164.266,43702.004
103,Mir_Dg02_5,Mir_Dg02_5,17,石墓阵,92051.24,8872.211,7749.628,石墓阵,51005.688,52974.36,7688.75
102,Mir_Dg02_5,Mir_Dg02_5,19,石墓阵,91971.734,12852.664,7770.417,石墓阵,30600.041,50600.984,7688.75
101,Mir_Dg02_5,Mir_Dg02_5,20,石墓阵,89948.88,10840.64,7749.628,石墓阵,31934.08,51776.69,7688.75
100,Mir_Dg02_5,Mir_Dg02_5,35,石墓阵,94036.08,31301.389,7749.622,石墓阵,29313.39,51856.445,7688.75
99,Mir_Dg02_5,Mir_Dg02_5,34,石墓阵,92049.086,29357.314,7749.628,石墓阵,71501.43,94038.32,7688.75
98,Mir_Dg02_5,Mir_Dg02_5,36,石墓阵,91971.29,33330.367,7749.626,石墓阵,51110.1,50457.89,7688.75
97,Mir_Dg02_5,Mir_Dg02_5,37,石墓阵,89982.695,31312.246,7749.628,石墓阵,52297.3,51800.04,7688.75
96,Mir_Dg02_5,Mir_Dg02_5,52,石墓阵,94021.47,51800.016,7749.622,石墓阵,49736.766,51784.766,7688.75
95,Mir_Dg02_5,Mir_Dg02_5,53,石墓阵,91970.53,53817.21,7749.626,石墓阵,71594.22,91602.32,7688.75
94,Mir_Dg02_5,Mir_Dg02_5,54,石墓阵,89978.98,51812.223,7749.628,石墓阵,72956.84,92769.47,7688.75
93,Mir_Dg02_5,Mir_Dg02_5,51,石墓阵,92060.61,49873.473,7749.628,石墓阵,51055.29,12217.534,7688.75
92,Mir_Dg02_5,Mir_Dg02_5,69,石墓阵,91970.86,74311.39,7749.626,石墓阵,51136.72,9606.465,7688.75
91,Mir_Dg02_5,Mir_Dg02_5,70,石墓阵,89973.07,72303.41,7749.628,石墓阵,52394.73,10871.128,7688.75
90,Mir_Dg02_5,Mir_Dg02_5,68,石墓阵,92019.38,70374.08,7749.628,石墓阵,10147.294,12221.987,7688.75
89,Mir_Dg02_5,Mir_Dg02_5,85,石墓阵,94023.18,92760.016,7749.622,石墓阵,49679.05,10862.474,7688.75
88,Mir_Dg02_5,Mir_Dg02_5,86,石墓阵,91970.84,94804.086,7749.626,石墓阵,10148.729,9679.249,7688.75
87,Mir_Dg02_5,Mir_Dg02_5,87,石墓阵,89972.31,92771.68,7749.628,石墓阵,11488.237,10857.798,7688.75
86,Mir_Dg02_5,Mir_Dg02_5,84,石墓阵,92049.6,90839.414,7749.628,石墓阵,30594.576,91506.08,7688.75
85,Mir_Dg02_5,Mir_Dg02_5,101,石墓阵,94017.52,113240.016,7749.622,石墓阵,8801.122,10865.978,7688.75
84,Mir_Dg02_5,Mir_Dg02_5,102,石墓阵,91972.2,115287.336,7749.626,石墓阵,10139.589,30145.316,7688.75
83,Mir_Dg02_5,Mir_Dg02_5,103,石墓阵,89969.2,113263.36,7749.628,石墓阵,32069.898,92760.03,7688.75
82,Mir_Dg02_5,Mir_Dg02_5,100,石墓阵,92046.46,111326.73,7749.628,石墓阵,71511.56,114500.51,7688.75
81,Mir_Dg02_5,Mir_Dg02_5,14,石墓阵,73538.88,10815.271,7749.622,石墓阵,29226.434,92856.664,7688.75
80,Mir_Dg02_5,Mir_Dg02_5,15,石墓阵,71491.39,12866.226,7749.626,石墓阵,71597.77,112059.12,7688.75
79,Mir_Dg02_5,Mir_Dg02_5,13,石墓阵,71594.805,8892.418,7749.628,石墓阵,71505.516,73588.664,7688.75
78,Mir_Dg02_5,Mir_Dg02_5,16,石墓阵,69491.516,10834.236,7749.628,石墓阵,72947.5,113233.56,7688.75
77,Mir_Dg02_5,Mir_Dg02_5,31,石墓阵,73535.57,31315.336,7749.622,石墓阵,70241.95,113236.03,7688.75
76,Mir_Dg02_5,Mir_Dg02_5,32,石墓阵,71491.29,33338.766,7749.626,石墓阵,71592.67,71147.55,7688.75
75,Mir_Dg02_5,Mir_Dg02_5,33,石墓阵,69495.625,31304.66,7749.628,石墓阵,72941.66,72306.83,7688.75
74,Mir_Dg02_5,Mir_Dg02_5,30,石墓阵,71591.37,29363.732,7749.628,石墓阵,91965.69,94215.26,7688.75
73,Mir_Dg02_5,Mir_Dg02_5,49,石墓阵,71483.84,53824.62,7749.626,石墓阵,92058.32,91608.195,7688.75
72,Mir_Dg02_5,Mir_Dg02_5,48,石墓阵,73537.82,51793.7,7749.622,石墓阵,70157.875,72233.26,7688.75
71,Mir_Dg02_5,Mir_Dg02_5,50,石墓阵,69496.89,51802.38,7749.628,石墓阵,93403.93,92776.31,7688.75
70,Mir_Dg02_5,Mir_Dg02_5,47,石墓阵,71581.83,49856.246,7749.628,石墓阵,30587.975,53130.066,7688.75
69,Mir_Dg02_5,Mir_Dg02_5,65,石墓阵,73551.58,72286.83,7749.622,石墓阵,90510.2,92775.086,7688.75
68,Mir_Dg02_5,Mir_Dg02_5,66,石墓阵,71490.86,74315.31,7749.626,石墓阵,30596.941,9692.126,7688.75
67,Mir_Dg02_5,Mir_Dg02_5,64,石墓阵,71579.78,70349.38,7749.628,石墓阵,91965.69,114679.734,7688.75
66,Mir_Dg02_5,Mir_Dg02_5,67,石墓阵,69479.89,72290.664,7749.628,石墓阵,31943.396,10867.061,7688.75
65,Mir_Dg02_5,Mir_Dg02_5,81,石墓阵,73552.64,92780.766,7749.622,石墓阵,29246.443,10858.608,7688.75
64,Mir_Dg02_5,Mir_Dg02_5,82,石墓阵,71490.84,94816.86,7749.626,石墓阵,92047.26,112062.41,7688.75
63,Mir_Dg02_5,Mir_Dg02_5,83,石墓阵,69468.45,92782.516,7749.628,石墓阵,93404.09,113231.55,7688.75
62,Mir_Dg02_5,Mir_Dg02_5,80,石墓阵,71570.89,90828.39,7749.628,石墓阵,51044.242,73580.305,7688.75
61,Mir_Dg02_5,Mir_Dg02_5,97,石墓阵,73557.3,113240.016,7749.622,石墓阵,90695.43,113237.89,7688.75
60,Mir_Dg02_5,Mir_Dg02_5,99,石墓阵,69502.305,113247.4,7749.628,石墓阵,52324.875,72321.41,7688.75
59,Mir_Dg02_5,Mir_Dg02_5,96,石墓阵,71585.945,111309.234,7749.628,石墓阵,91965.71,32666.676,7688.75
58,Mir_Dg02_5,Mir_Dg02_5,10,石墓阵,53119.805,10851.064,7749.622,石墓阵,49782.617,72319.12,7688.75
57,Mir_Dg02_5,Mir_Dg02_5,11,石墓阵,51041.965,12880.814,7749.626,石墓阵,92050.52,30248.588,7688.75
56,Mir_Dg02_5,Mir_Dg02_5,12,石墓阵,49014.395,10859.815,7749.628,石墓阵,93505.27,31320.04,7688.75
55,Mir_Dg02_5,Mir_Dg02_5,9,石墓阵,51136.13,8882.584,7749.628,石墓阵,30517.295,12126.272,7688.75
54,Mir_Dg02_5,Mir_Dg02_5,27,石墓阵,53111.523,31317.293,7749.622,石墓阵,29329.21,72314.016,7688.75
53,Mir_Dg02_5,Mir_Dg02_5,26,石墓阵,51147.93,29382.34,7749.628,石墓阵,30601.508,73586.22,7688.75
52,Mir_Dg02_5,Mir_Dg02_5,28,石墓阵,51034.105,33338.414,7749.626,石墓阵,51130.22,30061.027,7688.75
51,Mir_Dg02_5,Mir_Dg02_5,29,石墓阵,49048.83,31317.52,7749.628,石墓阵,52395.145,31310.57,7688.75
50,Mir_Dg02_5,Mir_Dg02_5,44,石墓阵,53098.273,51800.02,7749.622,石墓阵,49707.008,31313.73,7688.75
49,Mir_Dg02_5,Mir_Dg02_5,43,石墓阵,51116.29,49855.977,7749.628,石墓阵,51130.22,30061.027,7688.75
48,Mir_Dg02_5,Mir_Dg02_5,45,石墓阵,51030.89,53833.227,7749.626,石墓阵,71587.48,9590.338,7688.75
47,Mir_Dg02_5,Mir_Dg02_5,46,石墓阵,49051.035,51798.55,7749.628,石墓阵,73023.445,10852.997,7688.75
46,Mir_Dg02_5,Mir_Dg02_5,61,石墓阵,53098.133,72296.64,7749.622,石墓阵,70325.2,10853.018,7688.75
45,Mir_Dg02_5,Mir_Dg02_5,60,石墓阵,51113.55,70347.15,7749.628,石墓阵,71501.69,12218.229,7688.75
44,Mir_Dg02_5,Mir_Dg02_5,62,石墓阵,51025.61,74315.39,7749.626,石墓阵,10143.973,50602.777,7688.75
43,Mir_Dg02_5,Mir_Dg02_5,63,石墓阵,49058.18,72294.15,7749.628,石墓阵,93257.3,72280.04,7688.75
42,Mir_Dg02_5,Mir_Dg02_5,77,石墓阵,53089.84,92782.02,7749.622,石墓阵,90506.04,72309.19,7688.75
41,Mir_Dg02_5,Mir_Dg02_5,76,石墓阵,51131.176,90827.95,7749.628,石墓阵,91965.69,73578.04,7688.75
40,Mir_Dg02_5,Mir_Dg02_5,78,石墓阵,51045.094,94798.914,7749.626,石墓阵,51141.484,112062.36,7688.75
39,Mir_Dg02_5,Mir_Dg02_5,94,石墓阵,51045.54,115282.24,7749.626,石墓阵,30542.906,112227.2,7688.75
38,Mir_Dg02_5,Mir_Dg02_5,95,石墓阵,49066.03,113259.266,7749.628,石墓阵,31817.3,113240.03,7688.75
37,Mir_Dg02_5,Mir_Dg02_5,6,石墓阵,32601.605,10840.017,7749.622,石墓阵,29444.582,113336.66,7688.75
36,Mir_Dg02_5,Mir_Dg02_5,5,石墓阵,30603.797,8874.484,7749.628,石墓阵,30525.688,114414.36,7688.75
35,Mir_Dg02_5,Mir_Dg02_5,7,石墓阵,30531.324,12878.764,7749.626,石墓阵,51139.797,91604.625,7688.75
34,Mir_Dg02_5,Mir_Dg02_5,8,石墓阵,28532.96,10829.798,7749.628,石墓阵,52314.402,92768.586,7688.75
33,Mir_Dg02_5,Mir_Dg02_5,79,石墓阵,49049.023,92781.13,7749.628,石墓阵,52398.523,113315.21,7688.75
32,Mir_Dg02_5,Mir_Dg02_5,93,石墓阵,53098.57,113260.48,7749.622,石墓阵,49794.445,113229.69,7688.75
31,Mir_Dg02_5,Mir_Dg02_5,92,石墓阵,51134.184,111311.164,7749.628,石墓阵,51054.84,114674.625,7688.75
30,Mir_Dg02_5,Mir_Dg02_5,23,石墓阵,32594.752,31304.264,7749.622,石墓阵,49712.37,92804.29,7688.75
29,Mir_Dg02_5,Mir_Dg02_5,22,石墓阵,30626.152,29387.934,7749.628,石墓阵,51048.46,94034.164,7688.75
28,Mir_Dg02_5,Mir_Dg02_5,24,石墓阵,30509.164,33353.883,7749.626,石墓阵,71599.41,30052.389,7688.75
27,Mir_Dg02_5,Mir_Dg02_5,25,石墓阵,28532.693,31314.646,7749.628,石墓阵,72869.73,31312.34,7688.75
26,Mir_Dg02_5,Mir_Dg02_5,40,石墓阵,32591.486,51787.6,7749.622,石墓阵,70144.81,31318.225,7688.75
25,Mir_Dg02_5,Mir_Dg02_5,39,石墓阵,30621.79,49855.293,7749.628,石墓阵,71503.68,32499.496,7688.75
24,Mir_Dg02_5,Mir_Dg02_5,41,石墓阵,30530.633,53834.77,7749.626,石墓阵,92052.484,50512.867,7688.75
23,Mir_Dg02_5,Mir_Dg02_5,42,石墓阵,28533.393,51792.51,7749.628,石墓阵,11337.304,72280.04,7688.75
22,Mir_Dg02_5,Mir_Dg02_5,57,石墓阵,32604.957,72291.11,7749.622,石墓阵,90588.1,51781.9,7688.75
21,Mir_Dg02_5,Mir_Dg02_5,56,石墓阵,30627.447,70348.63,7749.628,石墓阵,91965.71,53120.47,7688.75
20,Mir_Dg02_5,Mir_Dg02_5,58,石墓阵,30530.805,74325.06,7749.626,石墓阵,92040.16,9781.433,7688.75
19,Mir_Dg02_5,Mir_Dg02_5,59,石墓阵,28528.223,72289.766,7749.628,石墓阵,93308.164,10856.109,7688.75
18,Mir_Dg02_5,Mir_Dg02_5,73,石墓阵,32593.256,92780.41,7749.622,石墓阵,90610.1,10866.024,7688.75
17,Mir_Dg02_5,Mir_Dg02_5,72,石墓阵,30609.473,90834.48,7749.628,石墓阵,91967.36,12226.666,7688.75
16,Mir_Dg02_5,Mir_Dg02_5,74,石墓阵,30539.314,94814.39,7749.626,石墓阵,71597.57,50689.684,7688.75
15,Mir_Dg02_5,Mir_Dg02_5,75,石墓阵,28539.486,92788.37,7749.628,石墓阵,11337.304,92760.03,7688.75
14,Mir_Dg02_5,Mir_Dg02_5,89,石墓阵,32596.344,113261.44,7749.622,石墓阵,70145.336,51778.812,7688.75
13,Mir_Dg02_5,Mir_Dg02_5,88,石墓阵,30600.725,111302.555,7749.628,石墓阵,71505.43,53132.516,7688.75
12,Mir_Dg02_5,Mir_Dg02_5,90,石墓阵,30532.227,115291.51,7749.626,石墓阵,30593.717,30139.549,7688.75
11,Mir_Dg02_5,Mir_Dg02_5,91,石墓阵,28534.422,113257.07,7749.628,石墓阵,31949.404,31325.12,7688.75
10,Mir_Dg02_5,Mir_Dg02_5,2,石墓阵,12164.707,10840.014,7749.622,石墓阵,29226.434,92856.664,7688.75
9,Mir_Dg02_5,Mir_Dg02_5,3,石墓阵,10110.715,12867.51,7749.626,石墓阵,30542.906,112227.2,7688.75
8,Mir_Dg02_5,Mir_Dg02_5,4,石墓阵,8112.423,10839.673,7749.628,石墓阵,31817.3,113240.03,7688.75
7,Mir_Dg02_5,Mir_Dg02_5,21,石墓阵,10187.168,29364.156,7749.628,石墓阵,91965.71,53120.47,7688.75
6,Mir_Dg02_5,Mir_Dg02_5,38,石墓阵,10186.854,49848.242,7749.628,石墓阵,71505.516,73588.664,7688.75
5,Mir_Dg02_5,Mir_Dg02_5,55,石墓阵,12168.212,72299.45,7749.622,石墓阵,90773.63,31316.227,7688.75
4,Mir_Dg02_5,Mir_Dg02_5,71,石墓阵,12167.639,92783.02,7749.622,石墓阵,90588.1,51781.9,7688.75
1,Mir_Dg02_4,Mir_Dg02_5,2,石墓阵,22637.469,28879.965,7660.374,石墓阵,92040.16,9781.433,7688.75
1,Mir_Dg02_6,Mir_Dg02_5,1,石墓阵,32647.414,21385.705,7744.537,石墓阵,10147.294,12221.987,7688.75
3,Mir_Dg02_5,Mir_Dg02_6,1,虹魔教坛,10197.175,8899.791,7749.628,虹魔教坛,31773.447,21367.36,7667.34
2,Mir_Dg02_5,Mir_Dg02_5,18,石墓阵,94035.86,10837.481,7749.622,石墓阵,91965.34,71058.83,7688.75
6,MirDg07_1,MirDg07,1,祖玛长廊,23089.396,14116.575,3642.002,祖玛寺长廊,2707.735,3161.969,4457.098
2,MirDg07,MirDg07_1,2,祖玛寺庙一层,2707.491,3710.313,4399.83,祖玛寺庙一层,22628.582,14391.549,3625.319
5,MirDg07_1,MirDg07_1,4,祖玛书阁,24168.355,38553.555,4343.562,祖玛书房,27690.678,39005.016,4346.463
4,MirDg07_1,MirDg07_1,6,祖玛寺庙一层,27151.906,39010.68,4340.824,祖玛寺庙一层,23622.297,38560.71,4346.463
3,MirDg07_1,MirDg07_1,5,祖玛寺庙一层,15112.316,38918.793,4348.289,祖玛寺庙一层,18365.46,38555.43,4346.463
2,MirDg07_1,MirDg07_1,3,祖玛书阁,17654.5,38552.273,4340.523,祖玛书房,14478.61,39015.516,4346.463
1,MirDg07_1,MirDg07_2,2,祖玛寺庙二层,10043.088,34018.52,4345.608,祖玛寺庙二层,22451.79,14395.826,3625.322
6,MirDg07_2,MirDg07_2,3,祖玛书阁,17665.146,38557.133,4343.283,祖玛书房,14479.48,39014.445,4367.553
5,MirDg07_2,MirDg07_2,4,祖玛寺庙二层,15034.765,39012.01,4338.11,祖玛寺庙二层,18194.773,38550.54,4367.553
4,MirDg07_2,MirDg07_2,2,祖玛书阁,24165.846,38560.574,4343.156,祖玛书房,27524.395,39005.84,4367.553
3,MirDg07_2,MirDg07_2,5,祖玛寺庙二层,26990.895,39004.527,4359.192,祖玛寺庙二层,23628.045,38557.52,4367.553
16,MirDg07_7,MirDg07_7,12,祖玛大厅南,18742.66,9408.65,4002.115,祖玛大厅南,27161.51,32851.133,4800.841
15,MirDg07_7,MirDg07_7,13,祖玛七层大厅,27881.06,32854.207,4760.289,祖玛七层大厅,19554.05,9332.141,4037.481
14,MirDg07_7,MirDg07_7,14,祖玛大厅南,23796.201,38185.1,4744.768,祖玛大厅南,24169.15,61731.566,5576.709
13,MirDg07_7,MirDg07_7,15,祖玛大厅南,24612.014,61321.26,5519.07,祖玛大厅南,23798.752,37657.14,4800.93
8,MirDg08,MirDg08,5,不归路,24750.783,15324.546,8196.438,不归路一层,10075.238,17391.957,8211.874
7,MirDg08,MirDg08,1,不归路二层,10180.815,11410.251,8198.249,不归路二层,13214.411,27491.402,8207.731
6,MirDg08,MirDg08,2,不归路三层,13191.22,21459.11,8194.449,不归路三层,13214.415,38161.957,8218.08
5,MirDg08,MirDg08,3,秘密通道,13195.547,32139.52,8196.457,秘密通道,24752.506,15827.703,8211.551
28,MirPb01,MirCt01,4,沙巴克,39276.33,81548.234,6202.051,沙巴克,61194.555,64542.016,6213.41
22,MirCt01,MirPb01,2,盟重省,61720.594,64184.273,6185.103,盟重省,38828.027,81101.07,6160.938
27,MirPb01,MirCt01,5,沙巴克,19087.344,64808.67,5500.954,沙巴克,52134.883,26705.988,6155.179
21,MirCt01,MirPb01,1,盟重省,52145.6,25981.361,6163.657,盟重省,19823.545,64621.867,5494.103
30,Mir_Pb02,Mir_Pb02,24,肉铺,64876.758,45440,43757.203,肉铺,1901.466,85263.01,45208.867
29,Mir_Pb02,Mir_Pb02,23,比奇省,1791.829,84782.92,45220.02,比奇省,64900.633,44887.113,43710.992
26,MirPb01,MirPb01,7,服饰店,45524.93,58102.902,6547.94,服饰店,38371.07,116127.9,4905.766
25,MirPb01,MirPb01,11,盟重省,38936.24,116133.695,4882.765,盟重省,45521.707,57572.31,6526.1
24,MirPb01,MirPb01,6,首饰店,46609.31,56837.688,6543.707,首饰店,37199.117,111142.42,4484.126
23,MirPb01,MirPb01,9,盟重省,36652.918,111322.38,4484.57,盟重省,46085.965,56837.29,6526.1
22,MirPb01,MirPb01,8,铁匠铺,41182.504,57753.9,6556.969,铁匠铺,44082.984,109867.1,4473.021
21,MirPb01,MirPb01,10,盟重省,44075.613,109287.266,4498.646,盟重省,41184.984,57208.367,6522.11
18,Mir_Pb03,Mir_Pb03,2,隐秘洞穴,45810.574,66155.305,4524.03,隐秘洞穴,63807.332,88337.766,10063.228
17,Mir_Pb03,Mir_Pb03,5,边界村,63259.375,88332.23,10113.999,边界村,45338.36,66073.72,4542.56
16,Mir_Pb03,Mir_Pb03,6,书院,51839.152,61946.312,5212.699,书院,19357.695,86618.88,10386.371
15,Mir_Pb03,Mir_Pb03,16,边界村,18946.746,86614.29,10386.823,边界村,51331.28,61894.49,5190.834
14,Mir_Pb03,Mir_Pb03,8,书店,34498.82,58105.824,4804.146,书店,20450.818,92588.09,10311.1
13,Mir_Pb03,Mir_Pb03,17,边界村,20074.412,92587.945,10307.817,边界村,34121.887,57923.96,4765.811
12,Mir_Pb03,Mir_Pb03,12,高级民居,34333.312,48791.016,4542.506,高级民居,20905.482,97920.805,10326.162
11,Mir_Pb03,Mir_Pb03,18,边界村,20912.842,97512.97,10332.328,边界村,34307.266,48331.094,4510.999
10,Mir_Pb03,Mir_Pb03,11,低级民居,34104.977,44815.598,4520.912,低级民居,20637.533,104900.85,10456.101
9,Mir_Pb03,Mir_Pb03,19,边界村,20257.572,104903.484,10341.305,边界村,33781.047,45079.305,4510.999
8,Mir_Pb03,Mir_Pb03,9,藏书阁,29164.025,47879.5,4640.141,藏书阁,26954.273,98115.13,10322.771
7,Mir_Pb03,Mir_Pb03,13,边界村,26966.953,97481.94,10327.219,边界村,28798.193,47880.97,4556.285
6,Mir_Pb03,Mir_Pb03,7,首饰和仓库,27894.373,52941.57,4640.105,仓库首饰店,26967.39,92041.85,10370.904
5,Mir_Pb03,Mir_Pb03,15,边界村,26916.008,91400.53,10376.952,边界村,27889.748,52407.957,4515.128
4,Mir_Pb03,Mir_Pb03,10,客栈,24228.234,45917.98,4730.008,客栈,26942.812,85528.25,10375.264
3,Mir_Pb03,Mir_Pb03,14,边界村,26932.578,85162.67,10368.417,边界村,23915.775,45887.906,4704.999
2,Mir_Pb03,Mir_Pb03,21,地牢,23460.38,59379.91,4616.417,地牢,25698.191,104904.14,10467.313
1,Mir_Pb03,Mir_Pb03,20,边界村,25287.623,104903.26,10422.112,边界村,23444.496,58822.547,4650.853
20,MirPb01,MirAct04,12,随机长廊,42538.965,54943.36,6543.798,随机长廊,8224.319,10247.544,4283.322
19,MirPb01,Mir_Pb02,1,比奇省,24068.809,23245.004,6162.116,比奇省,64265.074,92769.695,43662.992
28,Mir_Pb02,Mir_Pb02,26,皇宫,70779.266,64737.633,44545.055,皇宫,8323.88,16750.764,39911.2
27,Mir_Pb02,Mir_Pb02,25,比奇省,8322.903,16259.287,39953.39,比奇省,70776.79,64158.984,44527.094
20,MirCt01,MirCt01,6,沙巴克书店,47960.26,51680.48,6428.755,沙巴克书店,46147.344,113955.04,4798.213
19,MirCt01,MirCt01,7,沙巴克,45528.87,114036.94,4802.627,沙巴克,47439.47,51679.266,6369.345
18,MirCt01,MirCt01,9,沙巴克药店,47962.39,48967.29,6435.742,沙巴克药店,45261.277,138021.5,4785.349
17,MirCt01,MirCt01,8,沙巴克,44891.824,138385.53,4787.773,沙巴克,47423.51,48968.33,6373.645
4,MirDg08,MirCt01,7,沙巴克,43620.61,22134.2,8207.028,沙巴克,61007.242,39920.89,6392.46
16,MirCt01,MirDg08,5,秘密通道,60455.113,39919.32,6350.215,秘密通道,43589.348,22699.09,8210.413
3,MirDg08,MirCt01,6,沙巴克,33408.86,12139.997,8203.496,沙巴克,58204.957,40360.57,6392.451
15,MirCt01,MirDg08,4,秘密通道,58461.176,39915.223,6357.804,秘密通道,33405.668,12761.498,8207.261
2,MirDg08,MirCt01,4,沙巴克,20314.271,25975.818,8203.564,沙巴克,51686.18,48518.73,6392.461
14,MirCt01,MirDg08,3,秘密通道,51132.773,48505.8,6363.609,秘密通道,20958.086,25941.8,8191.471
1,MirDg01,MirDg01_3,2,死亡峡谷二层,64359.844,30937.678,27755.758,死亡峡谷二层,42015.508,65986.67,27810.273
3,MirDg01_3,MirDg01,1,死亡峡谷一层,42404.77,65827.53,27725.889,死亡峡谷一层,63975.96,30958.432,27810.273
2,MirDg01_1,MirDg01_4,2,死亡峡谷四层,78174.73,34146.023,27741.594,死亡峡谷四层,27213.023,73676.41,26948.998
2,MirDg01_4,MirDg01_2,2,死亡峡谷五层,27605.775,67879.09,27181.19,死亡峡谷五层,79451.13,13300.117,27810.273
3,MirDg01_2,MirDg01_5,2,死亡峡谷六层,79617.99,34145.758,27635.451,死亡峡谷六层,38223.62,70868.93,27718.996
1,MirDg01_5,MirDg01_2,1,死亡峡谷五层,38729.234,70884.61,27740.973,死亡峡谷五层,79180.29,34040.125,27618.996
2,MirDg01_2,MirDg01_4,1,死亡峡谷四层,79847.414,12929.313,27723.791,死亡峡谷四层,27257.03,68242.63,27213.043
1,MirDg01_4,MirDg01_1,1,死亡峡谷三层,27325.875,74102.35,26965.104,死亡峡谷三层,77750.27,34380.91,27810.273
1,MirDg01_1,MirDg01_3,1,死亡峡谷二层,78081.89,19029.967,27693.254,死亡峡谷二层,12500.554,74659.695,27810.273
1,MirDg08,MirDg08_1,8,香石墓穴一层,26416.166,32058.809,8194.41,香石墓穴一层,70339.64,17969.188,8205.857
2,MirDg08_1,MirDg08,1,秘密通道,70340.43,17444.03,8209.668,秘密通道,26424.729,31383.887,8216.818
1,MirDg08_1,MirDg08_2,2,香石墓穴二层,56222.805,18968.004,8197.96,香石墓穴二层,39282.83,52670.52,8208.419
2,MirDg08_2,MirDg08_3,2,香石墓穴三层,37014.21,51239.88,8196.432,香石墓穴三层,19113.006,55021.6,8251.658
2,MirDg08_3,Mir_Dg02_1,2,石墓二层,15411.643,52660.844,8192.922,石墓二层,31008.262,32796.79,7316.841
1,Mir_Dg02_1,MirDg08_3,4,香石墓穴三层,31015.291,33531.766,7308.372,香石墓穴三层,15471.719,53235.656,8238.162
1,MirDg08_3,MirDg08_2,1,香石墓穴二层,19104.549,55756.074,8203.117,香石墓穴二层,36993.047,51988.965,8244.182
1,MirDg08_2,MirDg08_1,1,香石墓穴一层,39269.133,53241.74,8206.405,香石墓穴一层,56948.625,18949.424,8194.549
2,Mir_Dg03_3,Mir_Dg03_2,2,矿区三层,80525.48,19458.416,51173.977,矿区三层,25335.932,45337.91,50910.594
1,Mir_Dg03_3,Mir_Dg03_2,1,矿区三层,88525.984,12385.62,51173.336,矿区三层,27700.008,30503.752,50687.137
1,MirDg01_2,MirDg01_8,3,幽虫洞窟,83584.836,34397.613,27630.688,幽虫洞窟,38852.375,17554.488,27213.043
2,MirDg01_8,MirDg01_2,1,死亡峡谷五层,39340.754,17554.068,27207.678,死亡峡谷五层,83530.586,33845.844,27614.96
1,MirDg01_8,MirDg01_7,2,虫巢,27753.121,44185.23,27807.77,虫巢,23371.2,35934.543,27720.998
2,MirDg01_7,MirDg01_8,2,幽虫洞窟,23844.156,35959.773,27731.443,幽虫洞窟,27582.773,43800.09,27740.998
1,MirDg01_7,MirDg01_6,1,毒虫回廊,33424.71,17189.945,27087.678,毒虫回廊,35479.656,24178.344,27968.945
2,MirDg01_6,MirDg01_7,1,虫巢,35464.688,24679.559,27976.574,虫巢,33322.168,17653.264,27062.998
2,MirDg01_3,MirDg01_1,2,死亡峡谷三层,12219.121,74960.66,27731.904,死亡峡谷三层,77918.36,18626.117,27693
1,MirDg01_3,MirDg01_6,3,毒虫回廊,27697.375,79522.94,27737.455,毒虫回廊,10870.814,25081.285,27716.998
1,MirDg01_6,MirDg01_3,2,死亡峡谷二层,11218.801,24733.016,27734.75,死亡峡谷二层,27246.26,79471.79,27716.996
1,MirAct05_1,MirAct05_2,1,幽冥海二层,22083.979,54735.01,16748.264,幽冥海二层,32687.225,39642.617,37952.996
2,MirAct05_2,MirAct05_1,1,幽冥海一层,32691.143,39111.727,37978.805,幽冥海一层,22096.752,54221.375,16724.367
2,Mir_Dg05,Mir_Dg05_7,5,暗影通道一,45073.812,26522.195,19567.334,暗影通道一,10227.591,17202.438,19111.133
2,Mir_Dg05_7,Mir_Dg05,2,沃玛寺庙一层,10227.591,17741.473,19093.621,沃玛寺庙一层,45067.79,27050.045,19597.203
1,Mir_Dg05_7,Mir_Dg05_6,1,暗影通道二,10411.984,10867.473,19093.506,暗影通道二,9684.54,15752.242,19122.053
2,Mir_Dg05_6,Mir_Dg05_7,2,暗影通道一,9682.778,16298.654,19093.482,暗影通道一,10408.614,11396.756,19156.299
1,Mir_Dg05_6,Mir_Dg05_5,1,暗影通道三,9863.889,9417.636,19094.75,暗影通道三,61008.57,80824.805,19097.54
2,Mir_Dg05_5,Mir_Dg05_6,2,暗影通道二,60990.742,81368.19,19097.438,暗影通道二,9873.745,9962.326,19113.564
1,Mir_Dg05_5,Mir_Dg05_4,1,暗影通道四,61088.562,74574.08,19096.049,暗影通道四,11128.773,16284.852,19113.38
2,Mir_Dg05_4,Mir_Dg05_5,1,暗影通道三,11132.674,16831.25,19089.594,暗影通道三,61094.023,75124.68,19097.54
1,Mir_Dg05_4,Mir_Dg05_3,2,沃玛回廊,11313.299,9964.751,19094.99,沃玛回廊,18012.068,45602.832,19958.45
1,Mir_Dg05_3,Mir_Dg05_4,1,暗影通道四,18011.645,46325.54,19945.023,暗影通道四,11313.695,10493.882,19118.176
1,Mir_Dg05_1,Mir_Dg05_11,5,幽闭通道一,49056.24,89506.414,27459.55,幽闭通道一,23456.008,13750.717,28623.682
2,Mir_Dg05_11,Mir_Dg05_1,2,沃玛寺庙二层,23445.549,13208.54,28605.31,沃玛寺庙二层,49060.34,88959.28,27467.64
1,Mir_Dg05_11,Mir_Dg05_12,1,幽闭通道二,23803.947,21529.916,28605.709,幽闭通道二,23449.822,13766.75,28634.092
2,Mir_Dg05_12,Mir_Dg05_11,2,幽闭通道一,23437.209,13232.476,28603.9,幽闭通道一,23803.021,20816.314,28651.85
1,Mir_Dg05_12,Mir_Dg05_13,1,幽闭通道三,23799.133,21536.14,28599.29,幽闭通道三,23437.135,13757.552,28623.682
2,Mir_Dg05_13,Mir_Dg05_12,1,幽闭通道二,23439.285,13224.407,28605.395,幽闭通道二,23804.307,20990.408,28623.682
1,Mir_Dg05_13,Mir_Dg05_14,2,幽闭通道四,23823.812,21533.555,28605.012,幽闭通道四,23440.453,13760.121,28623.682
2,Mir_Dg05_14,Mir_Dg05_13,1,幽闭通道三,23440.11,13217.272,28603.418,幽闭通道三,23797.408,20963.924,28659.898
1,Mir_Dg05_14,Mir_Dg05_8,2,祭祀回廊,21068.324,21349.037,28577.785,祭祀回廊,23172.482,12766.24,19583.23
1,Mir_Dg05_8,Mir_Dg05_14,1,幽闭通道四,23169.047,12228.409,19571.348,幽闭通道四,21088.752,20810.879,28593.514
12,MirDg07_7,MirDg07_7,1,祖玛七层大厅,28231.633,91863.9,4760.289,祖玛七层大厅,22991.451,7493.275,4013.388
11,MirDg07_7,MirDg07_7,2,祖玛大厅西,24158.854,97203.85,4749.718,祖玛寺庙七层西,24343.812,116404.27,5576.709
10,MirDg07_7,MirDg07_7,3,祖玛大厅西,24793.14,115981.35,5518.539,祖玛大厅西,24162.926,96671.45,4800.93
9,MirDg07_7,MirDg07_8,4,祖玛教主之家,25703.836,125360.23,5532.438,祖玛教主之家,3170.924,16834.965,6335.677
3,MirDg07_8,MirDg07_7,2,祖玛大厅西,3161.287,16111.964,6339.236,祖玛大厅西,25697.377,124815.31,5555.231
2,MirDg07_8,MirDg07_7,1,祖玛大厅南,3165.944,1447.026,6465.921,祖玛大厅南,25518.611,70156.54,5555.231
8,MirDg07_7,MirDg07_8,16,祖玛教主之家,25516.783,70685.94,5532.438,祖玛教主之家,3171.148,2177.502,6335.677
7,MirDg07_7,MirDg07_7,10,祖玛大厅东,23007.027,12032.872,3993.578,祖玛大厅东,26972.697,142728.94,4800.841
6,MirDg07_7,MirDg07_7,5,祖玛七层大厅,27698.012,142730.95,4751.566,祖玛七层大厅,22983.354,11487.038,4013.363
5,MirDg07_7,MirDg07_7,6,祖玛大厅东,23537.531,148166.83,4750.317,祖玛大厅东,24165.19,170526.9,5576.709
4,MirDg07_7,MirDg07_7,7,祖玛大厅东,24618.275,170113.77,5534.475,祖玛大厅东,23531.291,147446.11,4800.93
3,MirDg07_7,MirDg07_8,8,祖玛教主之家,25522.244,179481.64,5523.056,祖玛教主之家,3167.958,30592.19,6335.677
1,MirDg07_8,MirDg07_7,3,祖玛大厅东,3169.962,29876.322,6478.937,祖玛大厅东,25518.291,178945.78,5555.231
1,MirDg07,MirCt01,1,沙巴克,2807.167,1975.246,4430.552,沙巴克,34031.633,67057.9,6154.657
13,MirCt01,MirDg07,14,祖玛寺长廊,34036.15,67610.414,6153.7,祖玛寺长廊,2802.972,2716.92,4457.075
2,MirDg07_7,MirDg07_7,9,祖玛大厅西,22984.676,6787.601,4006.169,祖玛大厅西,27512.123,91873.125,4800.841
48,MirDg07_6,MirDg07_5,3,祖玛寺庙五层,4948.648,6656.207,4343.212,祖玛寺庙五层,27979.307,38378.09,11584.322
47,MirDg07_6,MirDg07_7,32,祖玛大厅,14916.736,32967.656,4352.2,祖玛寺庙七层大厅1,26526.924,9406.945,4015.012
1,MirDg07_7,MirDg07_6,11,祖玛阁,27240.908,9413.005,4012.798,祖玛阁,15567.013,33033.53,4344.464
46,MirDg07_6,MirDg07_6,1,祖玛阁,5759.328,7467.251,4343.216,祖玛阁,9926.193,8026.433,4344.464
45,MirDg07_6,MirDg07_6,18,祖玛阁,9973.556,9077.61,4343.203,祖玛阁,12533.305,16066.326,4344.464
44,MirDg07_6,MirDg07_6,22,祖玛阁,12273.909,16836.336,4343.203,祖玛阁,14099.402,24008.545,4344.464
43,MirDg07_6,MirDg07_6,26,祖玛阁,13819.896,24763.998,4343.203,祖玛阁,15987.472,32968.973,4344.464
42,MirDg07_6,MirDg07_6,2,祖玛阁,4950.203,8268.257,4343.203,祖玛阁,7210.903,14790.06,4344.464
41,MirDg07_6,MirDg07_6,6,祖玛阁,7266.302,15846.688,4343.203,祖玛阁,8749.56,22698.564,4344.464
40,MirDg07_6,MirDg07_6,10,祖玛阁,8825.868,23745.63,4343.203,祖玛阁,10672.895,31639.031,4344.464
39,MirDg07_6,MirDg07_6,4,祖玛阁,4140.172,7466.606,4352.2,祖玛阁,7547.585,15093.353,4344.464
38,MirDg07_6,MirDg07_6,5,祖玛阁,8044.698,15106.343,4343.216,祖玛阁,14651.932,9483.402,4344.464
37,MirDg07_6,MirDg07_6,33,祖玛阁,15732.254,9481.09,4349.903,祖玛阁,16940.906,17063.57,4344.464
36,MirDg07_6,MirDg07_6,37,祖玛阁,18023.375,17061.258,4343.216,祖玛阁,18478.516,24847.4,4344.464
35,MirDg07_6,MirDg07_6,41,祖玛阁,19548.42,24857.463,4348.544,祖玛阁,20397.436,33853.094,4344.464
34,MirDg07_6,MirDg07_6,45,祖玛阁,21467.861,33850.78,4343.216,祖玛阁,9674.063,8306.779,4344.464
33,MirDg07_6,MirDg07_6,31,祖玛阁,15731.995,32208.584,4343.212,祖玛阁,4928.044,7769.402,4344.464
32,MirDg07_6,MirDg07_6,29,祖玛阁,16474.588,32968.3,4343.216,祖玛阁,8477.995,22991.959,4344.464
31,MirDg07_6,MirDg07_6,9,祖玛阁,9583.347,23006.67,4343.216,祖玛阁,10403.235,31929.754,4344.464
30,MirDg07_6,MirDg07_6,14,祖玛阁,10724.758,32661.402,4343.203,祖玛阁,6948.031,15094.993,4344.464
29,MirDg07_6,MirDg07_6,21,祖玛阁,13027.529,16061.329,4343.216,祖玛阁,17192.092,17373.998,4344.464
28,MirDg07_6,MirDg07_6,25,祖玛阁,14557.684,24007.873,4344.941,祖玛阁,18730.756,25117.373,4344.464
27,MirDg07_6,MirDg07_6,30,祖玛阁,15722.435,33735.32,4343.203,祖玛阁,20651.572,33560.82,4344.464
26,MirDg07_6,MirDg07_6,38,祖玛阁,17233.492,17820.918,4343.203,祖玛阁,18728.244,24560.139,4344.464
25,MirDg07_6,MirDg07_6,42,祖玛阁,18786.225,25618.455,4348.585,祖玛阁,20986.334,33851.453,4344.464
24,MirDg07_6,MirDg07_6,46,祖玛阁,20719.867,34598.86,4343.203,祖玛阁,14904.228,9191.388,4344.464
23,MirDg07_6,MirDg07_6,34,祖玛阁,14964.135,10240.241,4343.203,祖玛阁,17189.58,16785.166,4344.464
22,MirDg07_6,MirDg07_6,39,祖玛阁,17250.348,16310.143,4345.564,祖玛阁,12211.549,15780.518,4344.464
21,MirDg07_6,MirDg07_6,23,祖玛阁,12277.982,15307.699,4340.48,祖玛阁,7213.415,15372.679,4344.464
20,MirDg07_6,MirDg07_6,27,祖玛阁,13798.965,23267.318,4343.212,祖玛阁,9056.447,22990.318,4344.464
19,MirDg07_6,MirDg07_6,28,祖玛阁,13013.956,24004.93,4352.2,祖玛阁,15673.554,32694.91,4344.464
18,MirDg07_6,MirDg07_6,13,祖玛阁,11506.688,31927.441,4343.216,祖玛阁,13490.741,24010.186,4344.464
17,MirDg07_6,MirDg07_6,16,祖玛阁,9931.333,31935.164,4352.2,祖玛阁,4670.868,7469.564,4344.464
16,MirDg07_6,MirDg07_6,48,祖玛阁,19913.232,33850.137,4352.2,祖玛阁,17516.1,17061.93,4344.464
15,MirDg07_6,MirDg07_6,47,祖玛阁,20707.008,33090.63,4344.74,祖玛阁,15676.065,33247.887,4344.464
14,MirDg07_6,MirDg07_6,44,祖玛阁,17974.398,24861.205,4352.2,祖玛阁,13752.719,24291.361,4344.464
13,MirDg07_6,MirDg07_6,35,祖玛阁,14950.432,8742.638,4346.269,祖玛阁,11956.003,16067.967,4344.464
12,MirDg07_6,MirDg07_6,36,祖玛阁,14157.094,9495.44,4352.2,祖玛阁,12214.061,16341.307,4344.464
11,MirDg07_6,MirDg07_6,17,祖玛阁,10759.988,8304.467,4343.216,祖玛阁,5246.594,7467.923,4344.464
10,MirDg07_6,MirDg07_6,19,祖玛阁,9967.237,7531.705,4343.212,祖玛阁,13750.207,23693.324,4344.464
9,MirDg07_6,MirDg07_6,20,祖玛阁,9180.112,8303.821,4352.2,祖玛阁,10989.074,31928.113,4344.464
8,MirDg07_6,MirDg07_6,8,祖玛阁,6467.138,15092.036,4352.2,祖玛阁,10258.02,8305.139,4344.464
7,MirDg07_6,MirDg07_6,12,祖玛阁,8032.326,22993.236,4352.2,祖玛阁,15231.953,9481.762,4344.464
6,MirDg07_6,MirDg07_6,40,祖玛阁,16456.227,17083.742,4350.927,祖玛阁,20654.084,34128.434,4344.464
5,MirDg07_6,MirDg07_6,24,祖玛阁,11464.133,16082.208,4352.2,祖玛阁,10675.406,32219.47,4344.464
4,MirDg07_6,MirDg07_6,11,祖玛阁,8807.061,22253.744,4343.212,祖玛阁,8752.071,23287.092,4344.464
3,MirDg07_6,MirDg07_6,7,祖玛阁,7266.335,14341.992,4343.212,祖玛阁,19048.05,24845.76,4344.464
2,MirDg07_6,MirDg07_6,15,祖玛阁,10728.148,31165.986,4343.212,祖玛阁,14906.739,9779.787,4344.464
26,Mir_Pb02,Mir_Pb02,44,研究院,59007.906,64550.906,43872.11,研究院,16466.377,99104.695,46964.496
25,Mir_Pb02,Mir_Pb02,49,比奇省,16467.576,98567.69,46991.875,比奇省,59012.477,63982.902,43698.23
24,Mir_Pb02,Mir_Pb02,42,研究院,57944.703,66522.84,43904.066,研究院,15925.847,100560.97,46964.496
23,Mir_Pb02,Mir_Pb02,39,比奇省,15406.155,100554.766,46974.65,比奇省,57383.043,66522.46,43776.812
22,Mir_Pb02,Mir_Pb02,43,研究院,59011.715,68503.83,43875,研究院,16558.527,102094.836,46964.496
21,Mir_Pb02,Mir_Pb02,50,比奇省,16478.773,102555.48,46983.277,比奇省,59008.375,69062.11,43702.234
20,Mir_Pb02,Mir_Pb02,31,厨房,15480.484,78740.445,46454.496,厨房,1818.415,90595.26,45585.816
19,Mir_Pb02,Mir_Pb02,34,旅馆,1334.433,90592.36,45608.39,旅馆,14946.55,78741.195,46361.934
18,Mir_Pb02,Mir_Pb02,28,仓库一层,6708.203,74333.89,44402.812,仓库一层,4165.595,61461.8,44426.58
17,Mir_Pb02,Mir_Pb02,27,仓库二层,4605.98,61367.93,44456.957,仓库二层,6240.16,74394.61,44384.68
16,Mir_Pb02,Mir_Pb02,41,竞技场一层,50652.566,66433.22,43770.8,竞技场一层,10231.098,89050.11,44489.07
15,Mir_Pb02,Mir_Pb02,32,比奇省,9709.339,89056.78,44510.2,比奇省,50244.35,66432.17,43702.234
14,Mir_Pb02,Mir_Pb02,33,竞技场二层,12802.2,88972.13,44547.258,竞技场二层,4616.573,102453.64,46784.957
13,Mir_Pb02,Mir_Pb02,35,竞技场一层,5152.657,102451.48,46815.69,竞技场一层,12310.943,88972.02,44480.36
12,Mir_Pb02,Mir_Pb02,46,民居,72767.445,41542.98,43642.31,民居,14840.201,70862.234,45708.547
11,Mir_Pb02,Mir_Pb02,29,比奇省,14298.468,70849.34,45748.527,比奇省,72226.67,41544.645,43587.574
10,Mir_Pb02,Mir_Pb02,45,民居,74016.47,38839.848,43684.23,民居,8328.148,113048.98,45690.402
9,Mir_Pb02,Mir_Pb02,37,比奇省,7672.056,113038.336,45668.613,比奇省,73481.07,38831.59,43587.574
8,Mir_Pb02,Mir_Pb02,48,民居,56399.543,57201.746,43726.63,民居,16648.236,113591.95,45583.906
7,Mir_Pb02,Mir_Pb02,38,比奇省,16102.466,113588.24,45621.39,比奇省,55846.38,57203.062,43686.477
6,Mir_Pb02,Mir_Pb02,47,民居,50430.49,44722.953,43767.344,民居,2991.505,112779.08,45741.766
5,Mir_Pb02,Mir_Pb02,36,比奇省,2991.164,112124.8,45773.043,比奇省,50409.934,44161.24,43725.22
4,Mir_Pb02,Mir_Pb02,40,旅馆,64894.312,38196.953,43903.426,旅馆,13939.029,79020.55,46361.934
3,Mir_Pb02,Mir_Pb02,30,比奇省,13507.547,79101.414,46380.36,比奇省,64354.555,38194.348,43766.016
2,MirDg07_5,MirDg07_6,2,祖玛阁,27967.592,38926.254,11575.715,祖玛阁,4984.728,7409.803,4344.464
2,MirDg07_2,MirDg07_1,1,祖玛寺庙一层,23085.158,14119.061,3621.839,祖玛寺庙一层,10040.042,33301.406,4346.463
1,MirDg07_2,MirDg07_3,6,祖玛寺庙三层,26328.84,8880.801,4343.251,祖玛寺庙三层,28412.195,22892.834,8028.86
2,MirDg07_3,MirDg07_4,2,祖玛寺庙四层,23444.816,37653.07,7958.394,祖玛寺庙四层,28427.35,22907.617,8006.815
1,MirDg07_3,MirDg07_2,1,祖玛寺庙二层,29050.373,22634.984,7964.751,祖玛寺庙二层,25797.955,8862.996,4367.549
2,MirDg07_4,MirDg07_3,1,祖玛寺庙三层,29052.373,22630.764,7965.123,祖玛寺庙三层,23438.166,37117.23,7970.315
1,MirDg07_4,MirDg07_5,2,祖玛寺庙五层,41272.164,17833.547,7963.481,祖玛寺庙五层,21994.154,28235.637,11992.841
1,MirDg07_5,MirDg07_4,1,祖玛寺庙四层,21989.871,27516.123,11965.882,祖玛寺庙四层,40718.477,17833.785,7970.28
12,MirCt01,MirCt01,20,沙巴克牢房,50137.266,40634.11,6365.471,沙巴克牢房,46061.63,170523.83,5328.958
11,MirCt01,MirCt01,16,沙巴克,45694.07,170879.38,5309.059,沙巴克,49601.242,40634.67,6352.1
10,MirCt01,MirCt01,19,沙巴克杂货铺,47963.805,40635.152,6406.363,沙巴克服装店,45425.707,159203.69,5078.53
9,MirCt01,MirCt01,15,沙巴克,44882.72,159208.67,5023.453,沙巴克,47444.332,40639.254,6352.1
8,MirCt01,MirCt01,21,沙巴克武器店,50144.45,43345.57,6362.565,沙巴克武器店,45615.316,183830.52,5328.892
7,MirCt01,MirCt01,17,沙巴克,45253.957,183466.66,5328.822,沙巴克,49610.96,43350.137,6352.1
6,MirCt01,MirCt01,22,沙巴克首饰店,50117.336,51676.27,6399.42,沙巴克首饰店,46160.3,196498.4,5550.823
5,MirCt01,MirCt01,18,沙巴克,45617.02,196497.55,5550.759,沙巴克,49417.91,51674.633,6352.1
4,MirCt01,MirCt01,12,沙巴克,44875.766,147073.12,4960.351,沙巴克,49596.453,48973.55,6359.671
3,MirCt01,MirCt01,13,沙巴克服装店,50145.023,48967.113,6430.643,沙巴克服装店,45338.03,147359.14,4942.468
2,MirCt01,MirCt01,11,沙巴克,45061.9,124629.945,4752.434,沙巴克,47435.09,43358.793,6352.1
1,MirCt01,MirCt01,10,沙巴克仓库,47974.094,43347.926,6413.074,沙巴克仓库,45608.55,124637.04,4747.454
18,MirPb01,MirPb01,23,酒馆二层,57025.258,118284.64,4026.781,酒馆二层,56935.95,124366.05,3995.678
17,MirPb01,MirPb01,21,旅馆二层,63084.336,118273.836,6062.061,旅馆二层,62624.984,124629.61,4744.553
16,MirPb01,MirPb01,22,旅馆一层,63087.74,124538.18,4778.165,旅馆一层,62990.64,117742.73,5987.303
15,MirPb01,MirPb01,25,酒馆一层,37564.06,67045.8,6209.259,酒馆一层,56393.6,117479.49,3995.584
14,MirPb01,MirPb01,17,盟重省,56391.652,116928.68,4022.249,盟重省,37567.9,66617.59,6144.099
13,MirPb01,MirPb01,24,书店,31758.662,67209.016,6242.197,书店,62089.754,111959.234,4527.991
12,MirPb01,MirPb01,19,盟重省,61823.156,111510.95,4564.481,盟重省,31772.83,66780.85,6148.209
11,MirPb01,MirPb01,28,药店,43716.46,46888.754,6400.551,药店,56929.754,111687.125,4348.569
10,MirPb01,MirPb01,18,盟重省,56929.203,111151.8,4374.601,盟重省,43716.2,46341.812,6398.099
9,MirPb01,MirPb01,26,旅馆一层,37830.973,49170.31,6545.228,旅馆一层,62270.434,117576.98,5986.647
8,MirPb01,MirPb01,20,盟重省,62274.594,117025.734,5995.327,盟重省,37830.02,48597.4,6399
7,MirPb01,MirPb01,27,民居,39753.28,47963.07,6447.455,民居,51043.63,111953.43,4348.553
6,MirPb01,MirPb01,29,民居,46943.902,47517.742,6400.941,民居,51142.74,123280,4529.569
5,MirPb01,MirPb01,15,盟重省,50595.652,123273.81,4556.68,盟重省,46509.69,47513.66,6398.099
4,MirPb01,MirPb01,30,民居,46489.227,51582.12,6538.806,民居,51137.098,117843.805,4300.679
3,MirPb01,MirPb01,14,盟重省,50593.57,117856.66,4314.842,盟重省,45892.727,51591.855,6534.1
2,MirPb01,MirPb01,13,盟重省,50491.367,111959.09,4419.92,盟重省,39182.27,47971.06,6398.099
1,MirPb01,MirPb01,16,酒馆一层,57470.965,124363.734,4014.057,酒馆一层,56665.742,118293.19,3995.584
2,Mir_Pb02,MirPb01,2,盟重省,64258.938,93495.92,43686.125,盟重省,24454.006,23634.266,6144.101
1,Mir_Dg05,Mir_Dg05,4,沃玛寺庙入口,40349.094,49324.7,19935.064,沃玛寺庙入口,64177.355,77116.42,19141.217
1,Mir_Dg02_5,Mir_Dg02_5,98,石墓阵,71492.2,115292.92,7749.626,石墓阵,70237.64,92771.61,7688.75
1,MirDg07_6,MirDg07_6,43,祖玛阁,18780.598,24076.137,4343.212,祖玛阁,18728.244,24560.139,4344.464
2,MirDg11,MirDg11_3,2,赤月峡谷广场,31858.209,21975.1,4562.048,赤月峡谷广场,8429.98,32756.986,4533
5,MirDg11_3,MirDg11,2,赤月峡谷北,8429.7,33304.047,4549.149,赤月峡谷北,31292.627,21991.65,4543
2,MirDg11_1,MirDg11_3,2,赤月峡谷广场,30772.092,23841.736,4686.154,赤月峡谷广场,19091.34,40730.48,4663.499
4,MirDg11_3,MirDg11_1,3,赤月峡谷南,19628.95,40726.574,4674.294,赤月峡谷南,30231.002,23805.408,4543
2,MirDg11_2,MirDg11_3,1,赤月峡谷广场,32173.951,8149.289,8850.124,赤月峡谷广场,21428.125,27340.549,4282.228
3,MirDg11_3,MirDg11_2,4,赤月峡谷东,21985.045,27338.506,4296.667,赤月峡谷东,32138.516,8697.462,8621
2,MirDg11_3,MirDg11_5,1,左回廊,22068.73,5894.958,4410.031,左回廊,33131.426,40274.656,8877.465
2,MirDg11_5,MirDg11_3,2,赤月峡谷广场,33670.64,40271.953,8927.345,赤月峡谷广场,22083.23,6442.292,4407
2,MirDg11_6,MirDg11_3,1,赤月峡谷广场,15180.15,11123.191,4710.121,赤月峡谷广场,30950.566,35756.08,4265
1,MirDg11_3,MirDg11_6,5,右回廊,31511.865,35767.67,4270.978,右回廊,15206.182,11676.948,4533
1,MirDg11_5,MirDg11_7,1,抉择之地,27744.477,30504.906,8193.26,抉择之地,31672.986,11140.249,4661
4,MirDg11_7,MirDg11_5,1,左回廊,31690.951,11670.848,4663.49,左回廊,27247.686,30418.893,8069.465
1,MirDg11_6,MirDg11_7,2,抉择之地,26877.947,23170.098,4539.519,抉择之地,32494.254,17040.941,4531
3,MirDg11_7,MirDg11_6,2,右回廊,32779.062,16561.54,4540.043,右回廊,26356.38,23169.328,4533
2,MirDg11_7,MirDg11_8,3,山谷秘道,29054.379,19543.5,4631.547,山谷秘道,9767.593,20374.35,9328.297
2,MirDg11_8,MirDg11_7,1,抉择之地,9777.48,20905.55,9338.021,抉择之地,28523.365,19550.93,4661
1,MirDg11_7,MirDg11_9,4,山谷秘道,31649.59,27439.98,4551.24,山谷秘道,13213.854,28495.98,4532.999
2,MirDg11_9,MirDg11_7,1,抉择之地,13200.393,29059.05,4505.655,抉择之地,31672.986,26886.395,4661
1,MirDg11_9,MirDg11_11,2,赤月魔穴,32318.758,17017.791,4502.394,赤月魔穴,10690.775,9865.061,4537
1,MirDg11_11,MirDg11_9,1,山谷秘道,11215.308,9875.283,4538.742,山谷秘道,31780.549,17015.328,4532.999
1,MirDg11_8,MirDg11_10,2,恶魔祭坛,25504.658,23038.957,9319.909,恶魔祭坛,13047.396,10589.138,4529
1,MirDg11_10,MirDg11_8,1,山谷秘道,13582.856,10591.601,4543.932,山谷秘道,25002.326,23086.691,9328.297
2,MirAct05_3,MirAct05_2,1,幽冥海二层,34838.33,26601.805,22083.395,幽冥海二层,72048.33,43898.33,37952.098
4,MirDg10,MirDg11_1,3,赤月峡谷南,65702.28,21453.588,8693.93,赤月峡谷南,9411.875,20370.438,4543
1,MirDg11_1,MirDg10,1,丛林迷宫,9400.467,20922.707,4704.86,丛林迷宫,64799.387,21444.47,8688.928
3,MirDg10,MirDg11_2,1,赤月峡谷东,60608.066,101090.125,9849.175,赤月峡谷东,19745.69,32671.78,8621
1,MirDg11_2,MirDg10,2,丛林迷宫,19745.918,33222.234,8790.972,丛林迷宫,60822.234,100380.37,9868.295
2,MirDg10,MirDg11,4,赤月峡谷北,93394.91,41363.01,9436.929,赤月峡谷北,9970.168,32136.705,4751.002
1,MirDg11,MirDg10,1,丛林迷宫,9976.568,32677.848,4753.833,丛林迷宫,92507.914,41359.953,9469.32
1,MirAct05_2,MirAct05_3,2,幽冥海三层,72592.8,43893.992,37964.234,幽冥海三层,34323.508,26605.947,22075.418
1,MirAct05_3,MirAct05_4,2,幽冥海四层,53585.832,44618.055,22060.496,幽冥海四层,12036.386,25712.281,3788.418
1,MirAct05_4,MirAct05_3,1,幽冥海三层,12026.401,26264.527,3785.22,幽冥海三层,53047.58,44617.746,22040.998
3,Mir_Dg04,MirDg10,5,丛林迷宫,63478.406,33502.484,12476.304,丛林迷宫,24334.31,68603.586,8688.928
1,MirDg10,Mir_Dg04,2,沃玛森林,24246.428,69602.17,8681.359,沃玛森林,62713.02,33670.797,12485.709
2,MirDg12,MirDg12_1,1,至魔龙东郊,19817.803,63356.61,8947.225,至魔龙东郊,60281.438,42451.293,9277.545
2,MirDg12_1,MirDg12,1,至魔龙城,61470.03,42354.34,9287.7,至魔龙城,19008.016,62546.33,8961.927
1,MirDg12,MirDg12_2,2,至魔龙西郊,51150.656,63896.61,8969.588,至魔龙西郊,69064.68,32764.125,9365.647
3,MirDg12_2,MirDg12,1,至魔龙城,70327.016,32766.852,9391.419,至魔龙城,50053.53,63718.324,8965.926
1,MirDg12_1,MirDg12_3,2,至东林间胜地,22062.203,36124.83,9326.41,至东林间胜地,33752.055,15564.463,9145.927
2,MirDg12_3,MirDg12_1,1,至魔龙东郊,34598.402,14931.18,9140.144,至魔龙东郊,22082.27,34851.164,9281.927
3,MirDg12_4,MirDg12_3,1,至东林间胜地,32829.254,17558.16,9474.861,至东林间胜地,17473.84,30231.055,9337.927
1,MirDg12_3,MirDg12_4,2,至魔龙旧寨,17558.156,31408.219,9361.104,至魔龙旧寨,32038.451,16559.312,9478.045
2,MirDg12_2,MirDg12_4,3,至魔龙旧寨,41983.87,67601.09,9237.532,至魔龙旧寨,18744.07,21541.23,9167.927
2,MirDg12_4,MirDg12_2,2,至魔龙西郊,18195.166,22637.035,9168.985,至魔龙西郊,41994.7,66336.14,9235.721
1,MirDg12_2,MirDg12_6,2,至西林间胜地,24097.709,56403.152,9280.515,至西林间胜地,57925.39,20180.06,9315.927
2,MirDg12_6,MirDg12_2,1,至魔龙西郊,58994.65,20348.668,9328.707,至魔龙西郊,24070.809,55114.5,9251.637
1,MirDg12_4,MirDg12_5,3,至魔龙祭坛,54059.82,66459.76,9360.006,至魔龙祭坛,44892.566,24715.271,9355.909
2,MirDg12_5,MirDg12_4,1,至魔龙旧寨,45938.605,24375.121,9373.397,至魔龙旧寨,54038.723,65166.316,9348.17
2,MirDg12_7,MirDg12_6,1,至西林间胜地,42505.6,13997.36,16480.973,至西林间胜地,21002.469,53674.15,9353.844
1,MirDg12_6,MirDg12_7,2,至魔龙沼泽,21349.84,54746.81,9334.168,至魔龙沼泽,41624.82,13302.323,16505.87
1,MirDg12_7,MirDg12_8,2,至魔龙岭,41963.42,59075.586,16534.646,至魔龙岭,15757.039,33578.688,9273.927
4,MirDg12_8,MirDg12_7,3,至魔龙沼泽,14923.426,34584.65,9313.064,至魔龙沼泽,41365.402,58103.367,16517.87
3,MirDg12_8,MirDg12_5,1,至魔龙祭坛,43695.184,13946.391,9456.848,至魔龙祭坛,15203.118,27585.553,9231.164
1,MirDg12_5,MirDg12_8,2,至魔龙岭,14763.896,28995.658,9255.185,至魔龙岭,42535.707,13847.815,9399.633
2,MirDg12_8,MirDg12_10,2,至东魔龙关,51747.008,67436.555,9236.543,至东魔龙关,42536.617,23988.168,9259.927
2,MirDg12_10,MirDg12_8,1,至魔龙岭,43631.71,23633.29,9295.135,至魔龙岭,51676.6,66254.805,9237.927
1,MirDg12_10,MirDg12_11,2,至魔龙谷,18278.227,22535.738,9345.062,至魔龙谷,24150.67,25701.615,8689.927
3,MirDg12_11,MirDg12_10,2,至东魔龙关,24762.488,24382.94,8738.587,至东魔龙关,17387.684,23259.076,9323.927
1,MirDg12_8,MirDg12_9,4,至西魔龙关,69119.27,43348.082,9411.624,至西魔龙关,37655.62,34118.797,9373.927
2,MirDg12_9,MirDg12_8,2,至魔龙岭,37992.13,35185.01,9375.049,至魔龙岭,67874.016,43172.758,9347.928
1,MirDg12_9,MirDg12_11,1,至魔龙谷,24493.467,15750.555,9329.305,至魔龙谷,18921.623,40733.645,8689.927
2,MirDg12_11,MirDg12_9,3,至西魔龙关,17850.22,41765.992,8732.101,至西魔龙关,23451.625,15926.758,9350.092
1,MirDg12_11,MirDg12_12,1,至龙源血路,60564.367,31672.506,8723.471,至龙源血路,20721.428,42725.41,9297.927
2,MirDg12_12,MirDg12_11,2,至魔龙谷,21375.748,44087.438,9290.989,至魔龙谷,59103.703,32035.865,8691.149
1,MirDg12_12,MirDg12_13,1,至魔龙血域,43474.234,14395.042,9266.456,至魔龙血域,21273.08,42721.277,9329.927
6,MirAct15,MirAct15,1,沙城战场西门,45708.82,177648.5,5293.473,,52974.508,39642.086,6345.334
5,MirAct15,MirAct15,2,沙城战场正门,45259.492,179442.1,5301.178,,46527.297,46089.33,6345.334
4,MirAct15,MirAct15,3,沙城战场东门,46282.977,181119.14,5289.334,,52974.508,52797.406,6345.334
3,MirAct15,MirAct15,4,沙城战场西门,45708.82,187798.61,5303.957,,52974.508,39642.086,6345.334
2,MirAct15,MirAct15,5,沙城战场正门,45259.492,189592.2,5303.958,,46527.297,46089.33,6345.334
1,MirAct15,MirAct15,6,沙城战场东门,46282.977,191269.25,5303.964,,52974.508,52797.406,6345.334
6,MirAct21,MirAct21,1,沙城战场西门,45708.82,177648.5,5293.473,,52974.508,39642.086,6345.334
5,MirAct21,MirAct21,2,沙城战场正门,45259.492,179442.1,5301.178,,46527.297,46089.33,6345.334
4,MirAct21,MirAct21,3,沙城战场东门,46282.977,181119.14,5289.334,,52974.508,52797.406,6345.334
3,MirAct21,MirAct21,4,沙城战场西门,45708.82,187798.61,5303.957,,52974.508,39642.086,6345.334
2,MirAct21,MirAct21,5,沙城战场正门,45259.492,189592.2,5303.958,,46527.297,46089.33,6345.334
1,MirAct21,MirAct21,6,沙城战场东门,46282.977,191269.25,5303.964,,52974.508,52797.406,6345.334
15,MirPb04,MirPb04,6,至首饰店,52761.9,26241.295,4129.933,至首饰店,71327.25,98386.11,2052.1
14,MirPb04,MirPb04,15,至苍月岛,71158.62,97670.91,2056.365,至苍月岛,52766.23,25519.898,4100.1
13,MirPb04,MirPb04,5,至药店,53762.555,29216.205,4143.907,至药店,64261.508,97671.87,2097.959
12,MirPb04,MirPb04,14,至苍月岛,64092.92,97118.195,2048.127,至苍月岛,53759.266,28514.035,4106.462
11,MirPb04,MirPb04,2,至服饰店,55033.32,27244.639,4140.091,至服饰店,59192.117,98199.35,2117.991
10,MirPb04,MirPb04,10,至苍月岛,59193.305,97493.92,2077.986,,55028.625,26696.77,4096.727
9,MirPb04,MirPb04,3,至书店,56491.688,29774.844,4127.904,至书店,58759.004,109704.85,2104.788
8,MirPb04,MirPb04,12,至苍月岛,58377.812,109339.625,2051.357,至苍月岛,55843.754,29864.441,4100.1
7,MirPb04,MirPb04,1,至武器店,58731.883,26971,4137.9,至武器店,58737.63,103359.85,2044.332
6,MirPb04,MirPb04,11,至苍月岛,58011.625,103371.92,2064.124,至苍月岛,58102.97,26877.457,4098
5,MirPb04,MirPb04,4,至仓库,56836.277,23982.39,4103.431,至仓库,65170.066,104188.9,2059.35
4,MirPb04,MirPb04,13,至苍月岛,64668.934,103779.43,2069.277,至苍月岛,55936.973,23984.93,4100.1
2,MirDg15_1,MirDg15_2,2,牛魔寺庙二层,48799.527,43445.094,2075.366,牛魔寺庙二层,48330.1,31860.332,2054
2,MirDg15_2,MirDg15_1,2,牛魔寺庙一层,48789.535,31858.447,2065.053,牛魔寺庙一层,48400.25,43450.668,2054
1,MirDg15_2,MirDg15_3,1,牛魔寺庙三层,16422.988,31853.764,2062.733,牛魔寺庙三层,67613.71,55024.73,2050.722
2,MirDg15_3,MirDg15_2,2,牛魔寺庙二层,68011.76,55021.88,2065.41,牛魔寺庙二层,16018.172,31860.332,2054
2,MirDg15_5,MirDg15_6,2,牛魔寺庙六层,55660.773,31860.432,2064.257,牛魔寺庙六层,39028.41,37651.09,1450.155
2,MirDg15_6,MirDg15_5,2,牛魔寺庙五层,39567.082,37650.883,1463.022,牛魔寺庙五层,55136.27,31858.473,2054
1,MirDg15_6,MirDg15_7,1,牛魔寺庙大厅,8428.407,37646.516,1470.337,牛魔寺庙六层,20893.404,14480.611,1450.155
3,MirPb04,MirDg14_1,7,至尸魔洞一层,14124.354,43894.023,4113.616,至尸魔洞一层,37715.668,19910.113,8194.237
2,MirDg14_1,MirPb04,2,至苍月岛,38407.34,19816.662,8234.46,至苍月岛,14121.6,42630.39,4100.694
1,MirDg14_2,MirDg14_3,1,至尸魔洞二层,18403.883,15884.914,8195.054,至尸魔洞二层,20513.953,38636.336,8192.859
2,MirDg14_3,MirDg14_2,2,至尸魔洞三层,21316.025,38726.074,8210.304,至尸魔洞三层,17992.617,15283.395,8430.358
2,MirPb04,MirDg13_1,9,至骨魔洞一层,37290.84,54007.812,4138.226,至骨魔洞一层,27339.93,10051.729,8566.617
2,MirDg13_1,MirDg13_2,2,至骨魔洞二层,33231.95,43076.566,8205.631,至骨魔洞二层,33177.984,10207.68,8447.639
2,MirDg13_2,MirDg13_1,1,至骨魔洞一层,34037.383,9865.847,8195.508,至骨魔洞一层,32134.94,43078.504,8195.775
1,MirDg13_2,MirDg13_3,2,至骨魔洞三层,20763.307,29726.635,8194.921,至骨魔洞三层,21443.95,9962.176,8578.067
2,MirDg13_3,MirDg13_2,1,至骨魔洞二层,22470.63,9866.495,8192.195,至骨魔洞二层,20274.266,29229.514,8195.862
1,MirDg13_3,MirDg13_4,2,至骨魔洞四层,39372.93,22101.559,8194.246,至骨魔洞四层,29512.37,15114.999,8538.181
2,MirDg13_4,MirDg13_3,1,至骨魔洞三层,30050.25,16217.548,8197.892,至骨魔洞三层,39375.246,21179.34,8195.902
1,MirDg13_5,MirDg13_4,1,至骨魔洞四层,27426.432,15563.051,8194.974,至骨魔洞四层,19918.848,40468.594,8195.886
1,MirPb04,MirDg15,8,牛魔寺庙入口,21912.24,58918.83,4094.182,至牛魔寺庙入口,10219.697,7964.36,2049.977
2,MirDg15,MirDg15_1,1,牛魔寺庙一层,8690.751,9690.878,2069.634,牛魔寺庙一层,27594.977,43450.668,2049.977
1,MirDg15_1,MirDg15,1,牛魔寺庙入口,27979.94,43447.258,2076.711,至牛魔寺庙入口,8689.347,9162.548,2049.977
1,MirDg15_3,MirDg15_4,1,牛魔寺庙四层,19455.504,55027.32,2049.253,牛魔寺庙四层,100734.37,55035.066,2054
2,MirDg15_4,MirDg15_3,1,牛魔寺庙三层,101639.45,55028.016,2056.103,牛魔寺庙三层,18723.332,55035.145,2050.722
1,MirDg15_4,MirDg15_5,2,牛魔寺庙五层,55030.086,101643.25,2051.557,牛魔寺庙五层,30675.178,20819.52,2054
1,MirDg15_5,MirDg15_4,1,牛魔寺庙四层,30162.32,20778.693,2069.322,牛魔寺庙四层,55021.375,101102.695,2054
1,MirDg13_1,MirPb04,1,至苍月岛,28257.217,9864.713,8196.258,至苍月岛,37379.26,53038.082,4100.1
1,MirDg15,MirPb04,2,至苍月岛,10780.77,7958.535,2077.988,至苍月岛,20993.773,58918.67,4100.1
1,MirDg13_4,MirDg13_5,2,至骨魔洞五层,20777.299,41331.25,8194.19,至骨魔洞五层,26343.893,15571.801,10313.209
3,MirAct25,MirAct25,3,至惩戒坛,40188.38,25787.479,15895.597,至惩戒坛,43086.895,18916.752,16402.553
2,MirAct25,MirAct25,1,至中庭,33212.406,29143.227,15897.651,至中庭,31588.531,29137.605,16004.1
1,MirAct25,MirAct25,2,至回廊,32318.266,29141.947,16020.421,至回廊,33952.52,29143.293,15875.819
3,MirDg24_1,MirPb05,3,白日门城,33613.39,4229.143,10287.497,白日门城,61894.42,34405.07,6895.501
2,MirPb05,MirDg24_1,2,至石原荒漠,62439.793,34354.418,6799.449,石原荒漠,32329.01,4235.173,10240
3,MirDg22_1,MirDg24_1,1,石原荒漠,10417.128,25750.658,8298.512,石原矿洞,15073.196,22452.988,9237.904
2,MirDg22_1,MirDg22_3,2,巨兽大厅,38547.047,19815.047,8283.453,石原矿洞,8736.898,13122.884,20265.207
1,MirDg22_3,MirDg22_1,1,石原矿洞,9061.954,13376.979,19965.434,石原矿洞,38271.676,19821.035,8375.534
2,MirDg24_1,MirDg22_1,1,石原矿洞,15571.998,23294.7,8568.879,石原矿洞,10800.338,25758.697,8484.948
1,MirDg24_2,MirDg24_1,1,至石原荒漠,31889.424,34978.363,9670.449,石原荒漠,16540.146,32273.188,10257.455
1,MirDg24_1,MirDg24_2,2,石原废墟,16848.309,33490.246,10323.695,石原废墟,31925,33949.51,9681.154
3,MirDg23_1,MirDg22_1,3,至石原矿洞,19330.873,12657.239,4344.524,,38290.367,15290.135,8192.608
3,MirDg23_2,MirDg23_1,2,兽人陵墓浅表,9466.168,8686.619,5504.647,兽人陵墓浅表,38109.832,15520.3,4328.738
2,MirDg23_1,MirDg23_2,1,兽人陵墓深层,38975.29,15522.71,4349.232,兽人陵墓深层,9513.989,9627.783,5494.581
1,MirDg23_1,MirDg23_2,2,兽人陵墓深层,31302.492,35792.76,4332.947,兽人陵墓深层,34271.074,22797.254,5494.581
2,MirDg23_2,MirDg23,1,至远古禁域,21474.588,22073.834,5510.623,远古禁域,4277.403,4528.137,5793.867
1,MirDg23,MirDg23_2,1,兽人陵墓深层,3731.548,3935.021,5796.32,兽人陵墓深层,20324.482,22061.861,5494.581
1,MirDg23_2,MirDg23_1,3,兽人陵墓浅表,34234.016,21774.652,5504.647,兽人陵墓浅表,30346.518,35764.344,4328.738
1,MirDg22_1,MirDg23_1,3,兽人陵墓浅表,38703.56,14563.664,8221.848,兽人陵墓浅表,18814.42,12936.149,4328.738
1,MirDg14_1,MirDg14_3,1,至尸魔洞二层,16386.01,15657.42,8211.091,至尸魔洞二层,8767.123,16752.26,8196.846
1,MirDg14_3,MirDg14_1,1,至尸魔洞一层,9495.478,16905.879,8202.277,至尸魔洞一层,15570.231,16102.936,8194.237
1,MirPb05,MirDg19,1,白日门海岸,24488.428,60559.098,7115.862,白日门海岸,42971.81,36964.41,7938
2,MirDg26,MirDg26_1,2,至黑岩峰底,68436.31,58057.805,19416.406,,8651.658,33174.13,14182.999
3,MirDg26_1,MirDg26,2,至龙耀崖,8361.102,31955.994,14178.516,凌月崖,67440.75,57327.86,19394.943
3,MirDg19,MirDg26,2,龙耀崖,12587.643,33466.926,7332.733,凌月崖,64297.83,39696.574,19394.943
3,MirDg27_1,MirDg27_2,2,至霜火地脉,19069.383,38696.863,3095.206,,43827.004,24225.754,2491.908
2,MirDg27_2,MirDg27_1,1,至冰川地脉,44498.516,24196.96,2470.504,,18403.273,38734.457,3096.024
2,MirDg27_1,MirDg26_2,1,至龙栖峰,42423.336,27088.834,3095.955,,32576.865,52811.758,26776.072
1,MirDg27_1,MirDg27_1,3,离开避难营,38892.137,10788.772,3095.79,,37845.785,9824.684,3096.024
1,MirDg27_2,MirDg27_3,2,至龙血地脉,15766.316,12708.836,2463.425,,49357.25,25219.742,2061.094
2,MirDg27_3,MirDg27_2,2,至霜火地脉,49824.168,25212.35,2173.389,,14704.386,12687.149,2491.908
1,MirDg27_3,MirDg27_4,1,至元素王座,16489.773,19546.459,2077.002,,23272.137,22684.969,35491.074
1,MirDg27_4,MirDg27_3,1,龙血地脉,25745.758,22522.295,35884.086,,16022.859,19553.852,2061.094
2,MirDg26_2,MirDg27_1,1,至冰川地脉,32860.758,53514.69,29075.197,,41696.707,27126.428,3096.024
1,MirDg26_2,MirDg26_1,2,至黑岩峰底,36244.17,41766.355,26879.594,,20829.895,80170.05,14818.692
1,MirDg27_5,MirDg26_1,1,至黑岩峰底,18590.24,18410.947,26522.408,,43261.98,51733.008,14868.999
2,MirDg26_1,MirDg27_5,3,至黑岩山麓,43993.85,51573.273,14931.772,黑岩山麓,18910.238,19620.66,26531.09
1,MirDg26_1,MirDg26_2,1,至龙栖峰,20858.354,81916.57,14833.859,,35844.29,41422.47,26776.072
2,MirDg19,MirPb05,1,白日门城,43523.61,36965.957,7892.023,白日门城,24810.05,59700.66,6995.501
1,MirDg26,MirDg19,1,至白日门海岸,64360.01,42256.645,19867.828,白日门海岸,13612.817,33455.5,7336.156
1,Mir_Pb02,Mir_Dg04,4,沃玛森林,100631.875,75923.82,43481.035,沃玛森林,11948.271,52045.152,11810.309
2,Mir_Dg04,Mir_Pb02,1,比奇省,12033.387,52493.723,11833.361,比奇省,100187.19,75468.914,43459.645
1,MirDg19,Mir_Dg04,3,沃玛森林,16625.338,52522.41,7283.855,沃玛森林,31449.768,24817.662,12621.872
1,Mir_Dg04,MirDg19,6,白日门海岸,31570.201,24518.617,12612.28,,16612.656,51739.75,7329.35
1,MirDg28_1,MirDg28,1,至赤月群岛,15800.845,9104.236,19862.48,赤月群岛,66842.84,15340.674,5091.715
1,MirDg28,MirDg28_1,1,至嚎哭密林,67858.01,15397.881,4860.997,嚎哭密林,16043.736,10416.412,115.359
