ID,Items,Name,ItemClass,Valuable,AutoPick,AutoDecompose,Visible,Group,DataVisible,CanDecompose,Sort
0,0,0,0,0,0,0,0,0,0,0,0
1,99990643,暗影赤衣,3,1,1,0,1,0,1,0,102990643
2,1500404,暗之藏宝图,1,1,1,0,1,0,1,0,2500404
3,99900058,黯灭轮,4,1,1,0,1,0,1,0,103900058
4,99900010,八荒,4,0,1,1,1,0,1,1,103900010
5,99920006,白金项链,5,0,1,1,1,0,1,1,104920006
6,99920007;99920035;99920036;99920037;99920038;99920049;99920078;99920088,白色虎齿项链,5,0,1,0,1,0,1,0,104920007
7,90151,白山血莲,1,1,1,0,1,0,1,0,1090151
8,99961101;99961102;99961103;99961104;99961105;99961106,白银勋章1,5,0,1,0,1,0,0,0,104961101
9,39108,白泽,1,1,1,0,1,0,1,0,1039108
10,39101,白泽・幼,1,1,1,0,1,0,1,0,1039101
11,99900102,百炼枪,4,0,1,1,1,0,1,1,103900102
12,99900011,半月,4,0,1,1,1,0,1,1,103900011
13,31034,半月弯刀,7,1,1,0,1,0,1,0,7031034
14,34001,暴击术,7,0,1,0,1,0,1,0,7034001
15,32545,爆裂火焰,7,0,1,0,1,0,1,1,7032545
16,39107,奔雷兽,1,1,1,0,1,0,1,0,1039107
17,99900002,匕首,4,0,1,1,1,0,1,1,103900002
18,80001,比奇回城卷,2,0,1,0,1,0,1,0,2080001
19,80101,比奇回城卷包,2,0,1,0,1,0,1,0,2080101
20,80201,比奇回城石,2,1,1,0,1,0,1,0,2080201
21,99990617;99990627;99990637;99990647;99990657;99990667;,避魂靴,3,1,1,0,1,0,1,0,102990617
22,99980463;99990463,镔铁盔甲,3,0,1,0,1,0,1,0,102980463
23,32537,冰咆哮,7,1,1,0,1,0,1,0,7032537
24,90218,冰咆哮残卷,7,1,1,0,1,0,1,0,7090218
25,99990556,冰心护腕,3,1,1,0,1,0,1,0,102990556
26,99900053,冰月戟,4,0,1,1,1,0,1,1,103900053
27,99930002,玻璃戒指,5,0,1,1,1,0,1,1,104930002
28,99930014,铂金戒指,5,1,1,0,1,0,1,0,104930014
29,99990317,布鞋,3,1,1,0,1,0,1,0,102990317
30,99980113;99990113,布衣,3,0,1,0,1,6,1,0,102980113
31,99900025,裁决之杖,4,1,1,0,1,0,1,0,103900025
32,111002,蚕丝,6,0,1,0,1,0,1,0,6111002
33,111005,苍月锦,6,1,1,0,1,0,1,0,6111005
34,1500403,藏宝图残篇,1,1,1,0,1,0,1,0,2500403
35,111004,草药,6,0,1,0,1,0,0,0,6111004
36,99900051,铁柴刀,4,0,1,1,1,0,1,1,103900051
37,99930027,超负载戒指,5,1,1,0,1,0,1,0,104930027
38,363;368;393;398,超级金创药,2,0,1,0,1,0,1,0,2000363
39,373;378;403;408,超级魔法药,2,0,1,0,1,0,1,0,2000373
40,99900062,城主黯灭轮,4,1,1,0,1,0,1,0,103900062
41,10730,城主橙黄灵石,6,1,1,0,1,0,1,0,6010730
42,10830,城主赤褐灵石,6,1,1,0,1,0,1,0,6010830
43,99900082,城主焚天,4,1,1,0,1,0,1,0,103900082
44,10430,城主精绿灵石,6,1,1,0,1,0,1,0,6010430
45,99900048,城主开天,4,1,1,0,1,0,1,0,103900048
46,99900109,城主龙炎,4,1,1,0,1,0,1,0,103900109
47,99900111,城主惊天,4,1,1,0,1,0,1,0,103900111
48,59900101;59900102;59900103;59900104;59900105;59900106;59900107;59900108;59900109,城主披风,3,1,1,0,1,17,1,0,62900101
49,99900060,城主破天,4,1,1,0,1,0,1,0,103900060
50,99900080,城主擎龙,4,1,1,0,1,0,1,0,103900080
51,10630,城主深灰灵石,6,1,1,0,1,0,1,0,6010630
52,99900063,城主嗜魂法杖,4,1,1,0,1,0,1,0,103900063
53,99900045,城主屠龙,4,1,1,0,1,0,1,0,103900045
54,10330,城主蔚蓝灵石,6,1,1,0,1,0,1,0,6010330
55,99900049,城主玄天,4,1,1,0,1,0,1,0,103900049
56,59990201;59990202;59990203;59990204;59990205;59990206,城主腰带,3,1,1,0,1,0,1,0,62990201
57,99900064,城主倚天剑,4,1,1,0,1,0,1,0,103900064
58,10130,城主驭朱灵石,6,1,1,0,1,0,1,0,6010130
59,59900001;59900002;59900003;59900004;59900005;59900006;59900013;59900014;59900017;59900018;59900021;59900022,城主战盔,3,1,1,0,1,15,1,0,62900001
60,59900007;59900008;59900009;59900010;59900011;59900012;59900015;59900016;59900019;59900020;59900023;59900024,城主战袍,3,1,1,0,1,16,1,0,62900007
61,99900050,城主镇天,4,1,1,0,1,0,1,0,103900050
62,59990301;59990302;59990303;59990304;59990305;59990306,城主之靴,3,1,1,0,1,0,1,0,62990301
63,10720,橙黄灵石1级,6,1,1,0,1,0,1,0,6010720
64,10721,橙黄灵石2级,6,1,1,0,1,0,1,0,6010721
65,130721,橙黄灵石2级卷轴,1,1,1,0,1,0,1,0,1130721
66,10722,橙黄灵石3级,6,1,1,0,1,0,1,0,6010722
67,10820,赤褐灵石1级,6,1,1,0,1,0,1,0,6010820
68,10821,赤褐灵石2级,6,1,1,0,1,0,1,0,6010821
69,130821,赤褐灵石2级卷轴,1,1,1,0,1,0,1,0,1130821
70,10822,赤褐灵石3级,6,1,1,0,1,0,1,0,6010822
71,99990422,赤纱护肩,3,1,1,0,1,0,1,0,102990422
72,99990426,赤纱护腕,3,1,1,0,1,0,1,0,102990426
73,99900036,赤血魔剑,4,1,1,0,1,0,1,0,103900036
74,121004,赤血苔,6,0,1,0,1,1,1,0,6121004
75,99900055,赤影,4,1,1,0,1,0,1,0,103900055
76,111028,赤月淬炼石,6,1,1,0,1,0,1,0,6111028
77,111027,赤月精华,6,1,1,0,1,0,1,0,6111027
78,30002,初级冰咆哮,7,1,1,0,1,0,1,0,7030002
79,111079,初级刺客精华,6,1,1,0,1,0,1,0,6111079
80,111051,初级防具淬炼石,6,1,1,0,1,0,1,0,6111051
81,111092,初级弓手精华,6,1,1,0,1,0,1,0,6111092
82,100002,初级红名符,2,0,1,0,1,0,1,0,2100002
83,632,初级护甲片,2,1,1,0,1,0,1,0,2000632
84,30004,初级冷酷,7,1,1,0,1,0,1,0,7030004
85,30001,初级烈火剑法,7,1,1,0,1,0,1,0,7030001
86,111302,初级龙枪精华,6,1,1,0,1,0,1,0,6111302
87,30006,初级枪出如龙,7,1,1,0,1,0,1,0,7030006
88,30005,初级强袭,7,1,1,0,1,0,1,0,7030005
89,30003,初级召唤神兽,7,1,1,0,1,0,1,0,7030003
90,90194,触龙神之足,1,1,1,0,1,0,1,0,1090194
91,35010,穿刺射击,7,1,1,0,1,0,1,0,7035010
92,99930041,穿云戒,5,1,1,0,1,0,1,0,104930041
93,91140,穿云戒卷轴,1,1,1,0,1,0,1,0,1091140
94,90506,传承宝玉,6,1,1,0,1,0,1,0,6090506
95,90504,传承明珠,6,1,1,0,1,0,1,0,6090504
96,99999002,传说头盔(法神),3,1,1,0,1,0,1,0,102999002
97,99999025,传说头盔(箭灵),3,1,1,0,1,0,1,0,102999025
98,99999031,传说头盔(龙枪),3,1,1,0,1,0,1,0,102999031
99,99999001,传说头盔(圣战),3,1,1,0,1,0,1,0,102999001
100,99999003,传说头盔(天尊),3,1,1,0,1,0,1,0,102999003
101,99999004,传说头盔(影刺),3,1,1,0,1,0,1,0,102999004
102,99999006,传说靴子(法神),3,1,1,0,1,0,1,0,102999006
103,99999026,传说靴子(箭灵),3,1,1,0,1,0,1,0,102999026
104,99999032,传说靴子(龙枪),3,1,1,0,1,0,1,0,102999032
105,99999005,传说靴子(圣战),3,1,1,0,1,0,1,0,102999005
106,99999007,传说靴子(天尊),3,1,1,0,1,0,1,0,102999007
107,99999008,传说靴子(影刺),3,1,1,0,1,0,1,0,102999008
108,99999010,传说腰带(法神),3,1,1,0,1,0,1,0,102999010
109,99999027,传说腰带(箭灵),3,1,1,0,1,0,1,0,102999027
110,99999033,传说腰带(龙枪),3,1,1,0,1,0,1,0,102999033
111,99999009,传说腰带(圣战),3,1,1,0,1,0,1,0,102999009
112,99999011,传说腰带(天尊),3,1,1,0,1,0,1,0,102999011
113,99999012,传说腰带(影刺),3,1,1,0,1,0,1,0,102999012
114,99930023,传送戒指,5,1,1,0,1,0,1,0,104930023
115,99920002,传统项链,5,0,1,1,1,0,1,1,104920002
116,10520,纯紫灵石1级,6,1,1,0,1,0,1,0,6010520
117,10521,纯紫灵石2级,6,1,1,0,1,0,1,0,6010521
118,99980443;99990443,刺客短袍,3,0,1,0,1,0,1,0,102980443
119,111081,刺客黑铁头盔精华,6,1,1,0,1,0,1,0,6111081
120,21004,刺客铭文石,6,1,1,0,1,0,1,0,6021004
121,200041,风侠羽衣・华美卷轴,1,1,1,0,1,0,1,0,1200041
122,200043,风侠羽衣・燃烧卷轴,1,1,1,0,1,0,1,0,1200043
123,200042,风侠羽衣・耀眼卷轴,1,1,1,0,1,0,1,0,1200042
124,90238,刺客中级技能书页,7,1,1,0,1,0,1,0,7090238
125,31033,刺杀剑术,7,0,1,0,1,0,1,1,7031033
126,629,刺术秘药,2,1,1,0,1,0,1,0,2000629
127,707,刺术神水,2,1,1,0,1,0,1,0,2000707
128,99990322,粗皮护肩,3,1,1,0,1,0,1,0,102990322
129,99990326,粗皮护腕,3,1,1,0,1,0,1,0,102990326
130,91115,打孔石,6,1,1,0,1,0,1,0,6091115
131,32549,大火球,7,0,1,0,1,0,1,1,7032549
132,99940004,大手镯,5,0,1,1,1,0,1,1,104940004
133,2211,蛋糕烟花,2,1,1,0,1,0,1,0,2002211
134,99930011,道德戒指,5,0,1,0,1,0,1,1,104930011
135,111043,道士黑铁头盔精华,6,1,1,0,1,0,1,0,6111043
136,21003,道士铭文石,6,1,1,0,1,0,1,0,6021003
137,99940007,道士手镯,5,0,1,1,1,0,1,1,104940007
138,99990411,道士头盔,3,0,1,0,1,0,1,0,102990411
139,90216,道士中级技能书页,7,0,1,0,1,0,1,0,7090216
140,33016,道尊天谕,7,1,1,0,1,0,1,0,7033016
141,99920009,灯笼项链,5,0,1,0,1,0,1,1,104920009
142,32544,地狱火,7,0,1,0,1,0,1,1,7032544
143,32546,地狱雷光,7,1,1,0,1,0,1,0,7032546
144,99900042,点金锄,4,0,1,0,1,0,1,0,103900042
145,91116,雕色石,6,1,1,0,1,0,1,0,6091116
146,636,顶级护甲片,2,1,1,0,1,0,1,0,2000636
147,99900005,短剑,4,0,1,1,1,0,1,1,103900005
148,99920008,躲避项链,5,0,1,0,1,0,1,1,104920008
149,99920019,恶魔铃铛,5,1,1,0,1,0,1,0,104920019
150,90207,恶魔印记,1,1,1,0,1,0,1,0,1090207
151,90211,恶魔印记碎片,1,0,1,0,1,0,1,0,1090211
152,99980523;99990523,恶魔长袍,3,1,1,0,1,13,1,0,102980523
153,111034;111036,恶魔长袍淬炼石,6,1,1,0,1,0,1,0,6111034
154,111033;111035,恶魔长袍精华,6,1,1,0,1,0,1,0,6111033
155,90213,恶魔之心,1,1,1,0,1,0,1,0,1090213
156,35003,二连射,7,0,1,1,1,0,1,1,7035003
157,99961302,法神铂金勋章,5,1,1,0,1,0,1,0,104961302
158,99961202,法神黄金勋章,5,1,1,0,1,0,1,0,104961202
159,99930034,法神戒指,5,1,1,0,1,0,1,0,104930034
160,111015,法神戒指碎片,6,1,1,0,1,0,1,0,6111015
161,111056,法神秘籍,7,1,1,0,1,0,1,0,7111056
162,99980623,法神披风,3,1,1,0,1,0,1,0,102980623
163,99940025,法神手镯,5,1,1,0,1,0,1,0,104940025
164,111018,法神手镯碎片,6,1,1,0,1,0,1,0,6111018
165,99990621,法神头盔,3,1,1,0,1,0,1,0,102990621
166,99920028,法神项链,5,1,1,0,1,0,1,0,104920028
167,111012,法神项链碎片,6,1,1,0,1,0,1,0,6111012
168,110007,法神装备精粹,6,1,1,0,1,0,1,0,6110007
169,99961402,法神钻石勋章,5,1,1,0,1,0,1,0,104961402
170,111042,法师黑铁头盔精华,6,1,1,0,1,0,1,0,6111042
171,21002,法师铭文石,6,1,1,0,1,0,1,0,6021002
172,90215,法师中级技能书页,7,0,1,0,1,0,1,0,7090215
173,99990342,帆布护肩,3,1,1,0,1,0,1,0,102990342
174,99990346,帆布护腕,3,1,1,0,1,0,1,0,102990346
175,99930025,防御戒指,5,1,1,0,1,0,1,0,104930025
176,99920015,放大镜,5,0,1,0,1,0,1,1,104920015
177,99930046,翡翠戒指,5,0,1,0,1,0,1,1,104930046
178,99961304,风暴铂金勋章,5,1,1,0,1,0,1,0,104961304
179,99961504,风暴大师勋章,5,1,1,0,1,0,1,0,104961504
180,99961204,风暴黄金勋章,5,1,1,0,1,0,1,0,104961204
181,99930050,风暴戒指,5,1,1,0,1,0,1,0,104930050
182,111084,风暴戒指碎片,6,1,1,0,1,0,1,0,6111084
183,99940039,风暴手镯,5,1,1,0,1,0,1,0,104940039
184,111083,风暴手镯碎片,6,1,1,0,1,0,1,0,6111083
185,99990641,风暴头盔,3,1,1,0,1,0,1,0,102990641
186,99961604,风暴王者勋章,5,1,1,0,1,0,1,0,104961604
187,99920046,风暴项链,5,1,1,0,1,0,1,0,104920046
188,111082,风暴项链碎片,6,1,1,0,1,0,1,0,6111082
189,99961404,风暴钻石勋章,5,1,1,0,1,0,1,0,104961404
190,"113129;113130;
113131;113132",风行暗戒宝图,1,1,1,0,1,0,1,0,1113129
191,99980743;99990743,风行盾甲,3,1,1,0,1,0,1,0,102980743
192,113109;113110;113111;113112;113113;113114;113115;113116,风行盾甲男宝图,1,1,1,0,1,0,1,0,1113109
193,113117;113118;113119;113120;113121;113122;113123;113124,风行盾甲女宝图,1,1,1,0,1,0,1,0,1113117
194,99940040,风行护腕,5,1,1,0,1,0,1,0,104940040
195,"113133;113134;
113135;113136",风行护腕宝图,1,1,1,0,1,0,1,0,1113133
196,99930051,风行暗戒,5,1,1,0,1,0,1,0,104930051
197,99990747,风行灵靴,3,1,1,0,1,0,1,0,102990747
198,113141;113142;113143;113144,风行灵靴宝图,1,1,1,0,1,0,1,0,1113141
199,99920047,风行项链,5,1,1,0,1,0,1,0,104920047
200,113125;113126;113127;113128,风行项链宝图,1,1,1,0,1,0,1,0,1113125
201,99990745,风行腰带,3,1,1,0,1,0,1,0,102990745
202,113137;113138;113139;113140,风行腰带宝图,1,1,1,0,1,0,1,0,1113137
203,99980543;99990543,风侠短袍,3,1,1,0,1,0,1,0,102980543
204,111086;111088,风侠短袍淬炼石,6,1,1,0,1,0,1,0,6111086
205,111085;111087,风侠短袍精华,6,1,1,0,1,0,1,0,6111085
206,99950074,风侠羽衣・奔雷,3,1,1,0,1,0,1,0,102950074
207,99950073,风侠羽衣・燃烧,3,1,1,0,1,0,1,0,102950073
208,99920012,凤凰明珠,5,0,1,1,1,0,1,1,104920012
209,99980813;99990813;99980823;99990823;99980833;99990833;99980843;99990843;99980853;99990853;99980863;99990863,凤天魔甲,3,1,1,0,1,0,1,0,102980813
210,36002,伏波荡寇,7,0,1,0,1,0,1,1,7036002
211,99930029,复活戒指,5,1,1,0,1,0,1,0,104930029
212,39112,覆甲獠牙,1,1,1,0,1,0,1,0,1039112
213,121001,甘草,6,0,1,0,1,1,1,0,6121001
214,99940005,钢手镯,5,0,1,1,1,0,1,1,104940005
215,99990615;99990625;99990635;99990645;99990655;99990665;,钢铁腰带,3,1,1,0,1,0,1,0,102990615
216,111080,高级刺客精华,6,1,1,0,1,0,1,0,6111080
217,111052,高级防具淬炼石,6,1,1,0,1,0,1,0,6111052
218,111093,高级弓手精华,6,1,1,0,1,0,1,0,6111093
219,100004,高级红名符,2,1,1,0,1,0,1,0,2100004
220,634,高级护甲片,2,1,1,0,1,0,1,0,2000634
221,111303,高级龙枪精华,6,1,1,0,1,0,1,0,6111303
222,111008,高级装备碎片,6,0,1,0,1,0,1,0,6111008
223,111094,弓手黑铁头盔精华,6,1,1,0,1,0,1,0,6111094
224,21005,弓手铭文石,6,1,1,0,1,0,1,0,6021005
225,99950084,神锋斗篷・奔雷,3,1,1,0,1,0,1,0,102950084
226,99950083,神锋斗篷・燃烧,3,1,1,0,1,0,1,0,102950083
227,111091,箭灵武器精粹,6,1,1,0,1,0,1,0,6111091
228,90245,弓手中级技能书页,7,1,1,0,1,0,1,0,7090245
229,630,弓术秘药,2,1,1,0,1,0,1,0,2000630
230,708,弓术神水,2,1,1,0,1,0,1,0,2000708
231,726,弓术圣水,2,1,1,0,1,0,1,0,2000726
232,626,攻击秘药,2,1,1,0,1,0,1,0,2000626
233,701,攻击神水,2,1,1,0,1,0,1,0,2000701
234,31032,攻杀剑术,7,0,1,0,1,0,1,1,7031032
235,36005,钩镰枪法,7,0,1,0,1,0,1,0,7036005
236,90195,古旧命运之刃,1,1,1,0,1,0,1,0,1090195
237,99930071,古藤戒指,5,0,1,1,1,0,1,1,104930071
238,99940071,古藤手镯,5,0,1,1,1,0,1,1,104940071
239,99920071,古藤项链,5,0,1,1,1,0,1,1,104920071
240,99930001,古铜戒指,5,0,1,1,1,0,1,1,104930001
241,99900028,骨玉权杖,4,1,1,0,1,0,1,0,103900028
242,99930040,光芒道戒,5,1,1,0,1,0,1,0,104930040
243,113069;113070;113071;113072,光芒道戒宝图,1,1,1,0,1,0,1,0,1113069
244,99980733;99990733,光芒道袍,3,1,1,0,1,23,1,0,102980733
245,113033;113034;113035;113036;113037;113038;113039;113040,光芒道袍男宝图,1,1,1,0,1,0,1,0,1113033
246,113041;113042;113043;113044;113045;113046;113047;113048,光芒道袍女宝图,1,1,1,0,1,0,1,0,1113041
247,99990737,光芒道靴,3,1,1,0,1,0,1,0,102990737
248,99940032,光芒护腕,5,1,1,0,1,0,1,0,104940032
249,113081;113082;113083;113084,光芒护腕宝图,1,1,1,0,1,0,1,0,1113081
250,99920034,光芒项链,5,1,1,0,1,0,1,0,104920034
251,113057;113058;113059;113060,光芒项链宝图,1,1,1,0,1,0,1,0,1113057
252,99990735,光芒腰带,3,1,1,0,1,0,1,0,102990735
253,113093;113094;113095;113096,光芒腰带宝图,1,1,1,0,1,0,1,0,1113093
254,113105;113106;113107;113108,光芒战靴宝图,1,1,1,0,1,0,1,0,1113105
255,34007,鬼灵步,7,1,1,0,1,0,1,0,7034007
256,99900009,海魂,4,0,1,1,1,0,1,1,103900009
257,90205,海魔符文,1,1,1,0,1,0,1,0,1090205
258,90205,海魔符文,1,1,1,0,1,0,1,0,1090205
259,90209,海魔符文碎片,1,0,1,0,1,0,1,0,1090209
260,32550,寒冰掌,7,1,1,0,1,0,1,0,7032550
261,99990512,寒狼护肩,3,1,1,0,1,0,1,0,102990512
262,99990516,寒狼护腕,3,1,1,0,1,0,1,0,102990516
263,90301,豪杰灵丹,2,1,1,0,1,0,1,0,2090301
264,99900007,鹤嘴锄,4,0,1,0,1,0,1,0,103900007
265,99990462,黑金护肩,3,1,1,0,1,0,1,0,102990462
266,99990466,黑金护腕,3,1,1,0,1,0,1,0,102990466
267,99930008,黑色水晶戒指,5,0,1,1,1,0,1,1,104930008
268,99920005,黑色水晶项链,5,0,1,1,1,0,1,1,104920005
269,99940008,黑檀手镯,5,0,1,1,1,0,1,1,104940008
270,99920004,黑檀项链,5,0,1,1,1,0,1,1,104920004
271,114010;114011;114012;114013;114014;114015;114016;114017;114018;114019;114020,黑铁矿石(纯度10-20）,6,0,1,0,1,1,1,0,6114010
272,114021;114022;114023;114024;114025;114026,黑铁矿(纯度>20）,6,0,1,0,1,1,1,0,6114021
273,114003;114004;114005;114006;114007;114008;114009,黑铁矿石(纯度<10）,6,0,1,0,1,1,1,0,6114003
274,99990511;99990521;99990531;99990541;99990551;99990561;,黑铁头盔,3,1,1,0,1,0,1,0,102990511
275,90235,黑曜石,1,1,1,0,1,0,1,0,1090235
276,99900107,横江,4,1,1,0,1,0,1,0,103900107
277,36003,横扫六合,7,0,1,0,1,0,1,1,7036003
278,99930017,红宝石戒指,5,1,1,0,1,0,1,0,104930017
279,99930037,虹魔戒指,5,1,1,0,1,0,1,0,104930037
280,99940029,虹魔手镯,5,1,1,0,1,0,1,0,104940029
281,99920031,虹魔项链,5,1,1,0,1,0,1,0,104920031
282,99990562,虎贲护肩,3,1,1,0,1,0,1,0,102990562
283,99990566,虎贲护腕,3,1,1,0,1,0,1,0,102990566
284,99930086,虎贲戒指,5,1,1,0,1,0,1,0,104930086
285,201016,虎贲戒指卷轴,1,1,1,0,1,0,1,0,1201016
286,111309,虎贲戒指碎片,6,1,1,0,1,0,1,0,6111309
287,99940084,虎贲手镯,5,1,1,0,1,0,1,0,104940084
288,201026,虎贲手镯卷轴,1,1,1,0,1,0,1,0,1201026
289,111308,虎贲手镯碎片,6,1,1,0,1,0,1,0,6111308
290,99920085,虎贲项链,5,1,1,0,1,0,1,0,104920085
291,201006,虎贲项链卷轴,1,1,1,0,1,0,1,0,1201006
292,111307,虎贲项链碎片,6,1,1,0,1,0,1,0,6111307
293,99900106,虎咆,4,1,1,0,1,0,1,0,103900106
294,99920010,琥珀项链,5,0,1,1,1,0,1,1,104920010
295,1503005,护城宝箱(首领),1,1,1,0,1,0,0,0,2503005
296,40101;40101;40103,护身符,1,0,1,0,1,0,1,0,1040101
297,99930024,护身戒指,5,1,1,0,1,0,1,0,104930024
298,1500877,护卫宝箱,1,1,1,0,1,0,1,0,2500877
299,111125,幻甲碎片,1,1,1,0,1,0,1,0,1111125
300,99920003,黄色水晶项链,5,0,1,1,1,0,1,1,104920003
301,40011;40012;40013,黄色药粉,1,0,1,0,1,0,1,0,1040011
302,99990813,凰天魔衣,3,1,1,0,1,0,1,0,102990813
303,99900081,焚天,4,1,1,0,1,0,1,0,103900081
304,40001;40002;40003,灰色药粉,1,0,1,0,1,0,1,0,1040001
305,35013,回避射击,7,1,1,0,1,0,1,0,7035013
306,90206,魂石,1,1,1,0,1,0,1,0,1090206
307,90210,魂石碎片,1,0,1,0,1,0,1,0,1090210
308,34009,火镰狂舞,7,1,1,0,1,0,1,0,7034009
309,202004,火镰狂舞卷轴,7,1,1,0,1,0,1,0,7202004
310,32534,火墙,7,0,1,0,1,0,1,1,7032534
311,32531,火球术,7,0,1,0,1,0,1,0,7032531
312,99990522,火纹护肩,3,1,1,0,1,0,1,0,102990522
313,99990526,火纹护腕,3,1,1,0,1,0,1,0,102990526
314,99930028,火焰戒指,5,1,1,0,1,0,1,0,104930028
315,35006,击飞射击,7,1,1,0,1,0,1,0,7035006
316,1500876,机关宝箱,1,1,1,0,1,0,1,0,2500876
317,39115,机关木鼠,1,1,1,0,1,0,1,0,1039115
318,31031,基本剑术,7,0,1,0,1,0,1,0,7031031
319,35001,基础射击,7,0,1,0,1,0,1,0,7035001
320,99971303,极品玉佩・碧血,3,1,1,0,1,0,0,0,102971303
321,99971301,极品玉佩・赤霞,3,1,1,0,1,0,0,0,102971301
322,99971306,极品玉佩・褐岩,3,1,1,0,1,0,0,0,102971306
323,99971305,极品玉佩・金雷,3,1,1,0,1,0,0,0,102971305
324,99971304,极品玉佩・木槿,3,1,1,0,1,0,0,0,102971304
325,99971302,极品玉佩・湛波,3,1,1,0,1,0,0,0,102971302
326,704,极速神水,2,1,1,0,1,0,1,0,2000704
327,714,极速圣水,2,1,1,0,1,0,0,0,2000714
328,611;613,极效金创药,2,0,1,0,1,0,1,0,2000611
329,615;617;395;400,极效金创药包,2,0,1,0,1,0,1,0,2000615
330,619;621,极效魔法药,2,0,1,0,1,0,1,0,2000619
331,623;625;405;410,极效魔法药包,2,0,1,0,1,0,1,0,2000623
332,99950094,疾风斗篷・奔雷,3,1,1,0,1,0,1,0,102950094
333,200061,疾风斗篷・华美卷轴,1,1,1,0,1,0,1,0,1200061
334,99950093,疾风斗篷・燃烧,3,1,1,0,1,0,1,0,102950093
335,200063,疾风斗篷・燃烧卷轴,1,1,1,0,1,0,1,0,1200063
336,200062,疾风斗篷・耀眼卷轴,1,1,1,0,1,0,1,0,1200062
337,32536,疾光电影,7,0,1,0,1,0,1,1,7032536
338,33014,集体隐身术,7,0,1,0,1,0,1,1,7033014
339,99930031,记忆戒指,5,1,1,0,1,0,1,0,104930031
340,99940022,记忆手镯,5,1,1,0,1,0,1,0,104940022
341,99910001,记忆头盔,3,1,1,0,1,0,1,0,102910001
342,99920025;99920050;99920051;99920052;99920079;99920089,记忆项链,5,1,1,0,1,0,1,0,104920025
343,111003,技能书残卷,7,0,1,0,1,0,1,0,7111003
344,90212,初级技能书页,1,0,1,0,1,0,1,0,1090212
345,99920022,技巧项链,5,1,1,0,1,0,1,0,104920022
346,99940018,坚固手套,5,0,1,1,1,0,1,1,104940018
347,39106,剑齿虎,1,1,1,0,1,0,1,0,1039106
348,40201;40202,箭袋,1,0,1,0,1,0,1,0,1040201
349,99961305,箭灵铂金勋章,5,1,1,0,1,0,1,0,104961305
350,99961505,箭灵大师勋章,5,1,1,0,1,0,1,0,104961505
351,111121;111123,箭灵短袍淬炼石,6,1,1,0,1,0,1,0,6111121
352,111120;111122,箭灵短袍精华,6,1,1,0,1,0,1,0,6111120
353,99961205,箭灵黄金勋章,5,1,1,0,1,0,1,0,104961205
354,99930076,箭灵戒指,5,1,1,0,1,0,1,0,104930076
355,201015,箭灵戒指卷轴,1,1,1,0,1,0,1,0,1201015
356,111119,箭灵戒指碎片,6,1,1,0,1,0,1,0,6111119
357,99980653,箭灵铠甲,3,1,1,0,1,0,1,0,102980653
358,111095,箭灵秘籍,7,1,1,0,1,0,1,0,7111095
359,99940074,箭灵手镯,5,1,1,0,1,0,1,0,104940074
360,201025,箭灵手镯卷轴,1,1,1,0,1,0,1,0,1201025
361,111118,箭灵手镯碎片,6,1,1,0,1,0,1,0,6111118
362,99990651,箭灵头盔,3,1,1,0,1,0,1,0,102990651
363,99961605,箭灵王者勋章,5,1,1,0,1,0,1,0,104961605
364,99920075,箭灵项链,5,1,1,0,1,0,1,0,104920075
365,201005,箭灵项链卷轴,1,1,1,0,1,0,1,0,1201005
366,111117,箭灵项链碎片,6,1,1,0,1,0,1,0,6111117
367,200051,神锋斗篷・华美卷轴,1,1,1,0,1,0,1,0,1200051
368,200053,神锋斗篷・燃烧卷轴,1,1,1,0,1,0,1,0,1200053
369,200052,神锋斗篷・耀眼卷轴,1,1,1,0,1,0,1,0,1200052
370,110010,箭灵装备精粹,6,1,1,0,1,0,1,0,6110010
371,99961405,箭灵钻石勋章,5,1,1,0,1,0,1,0,104961405
372,99900015,降魔,4,0,1,1,1,0,1,1,103900015
373,99930013,降妖除魔戒指,5,0,1,0,1,0,1,1,104930013
374,36014,觉醒・百战军魂,7,1,1,0,1,0,1,0,7036014
375,36013,觉醒・盘龙枪势,7,1,1,0,1,0,1,0,7036013
376,35009,觉醒・羿神庇佑,7,1,1,0,1,0,1,0,7035009
377,90243,觉醒残页,1,1,1,0,1,0,1,0,1090243
378,361;366;391;396,金创药(小)包,2,0,1,0,1,0,1,0,2000361
379,301;306,金创药(小量),2,0,1,0,1,0,1,0,2000301
380,362;367;392;397,金创药(中)包,2,0,1,0,1,0,1,0,2000362
381,302;307,金创药(中量),2,0,1,0,1,0,1,0,2000302
382,99930010,金戒指,5,0,1,1,1,0,1,1,104930010
383,118003;118004;118005;118006;118007;118008;118009;118010;118011;;118012;118013;118014;118015;118016;118017;118018;118019;118020;118021;118022;118023;118024;118025;118026,金矿,6,0,1,0,1,5,0,0,6118003
384,99940009,金手镯,5,0,1,0,1,0,1,1,104940009
385,99920001,金项链,5,0,1,1,1,0,1,1,104920001
386,99940076,晶喙之镯,5,1,1,0,1,0,1,0,104940076
387,99920077,晶爪项链,5,1,1,0,1,0,1,0,104920077
388,99990432,精工护肩,3,1,1,0,1,0,1,0,102990432
389,99990436,精工护腕,3,1,1,0,1,0,1,0,102990436
390,10420,精绿灵石1级,6,1,1,0,1,0,1,0,6010420
391,10421,精绿灵石2级,6,1,1,0,1,0,1,0,6010421
392,10422,精绿灵石3级,6,1,1,0,1,0,1,0,6010422
393,33001,精神力战法,7,0,1,0,1,0,1,1,7033001
394,628,精神秘药,2,1,1,0,1,0,1,0,2000628
395,703,精神神水,2,1,1,0,1,0,1,0,2000703
396,713,精神圣水,2,1,1,0,1,0,0,0,2000713
397,99971203,精修玉佩・碧血,3,1,1,0,1,0,1,0,102971203
398,99971201,精修玉佩・赤霞,3,1,1,0,1,0,1,0,102971201
399,99971206,精修玉佩・褐岩,3,1,1,0,1,0,1,0,102971206
400,99971205,精修玉佩・金雷,3,1,1,0,1,0,1,0,102971205
401,99971204,精修玉佩・木槿,3,1,1,0,1,0,1,0,102971204
402,99971202,精修玉佩・湛波,3,1,1,0,1,0,1,0,102971202
403,35002,精准打击,7,0,1,1,1,0,1,1,7035002
404,34004,精准术,7,0,1,0,1,0,1,1,7034004
405,99900022,井中月,4,1,1,0,1,0,1,0,103900022
406,2013,聚灵珠,2,1,1,0,1,0,1,0,2002013
407,99900040,开石刀,4,0,1,0,1,0,0,0,103900040
408,99900037,开天,4,1,1,0,1,0,1,0,103900037
409,32532,抗拒火环,7,0,1,0,1,0,1,1,7032532
410,99930072,扣弦扳指,5,0,1,0,1,0,1,1,104930072
411,99930015,骷髅戒指,5,0,1,1,1,0,1,1,104930015
412,99990311,骷髅头盔,3,0,1,0,1,0,1,1,102990311
413,90135,狂暴龙血,1,1,1,0,1,0,1,0,1090135
414,36004,狂飙突刺,7,0,1,0,1,0,1,1,7036004
415,99930022,狂风戒指,5,1,1,0,1,0,1,0,104930022
416,99920024,狂风项链,5,1,1,0,1,0,1,0,104920024
417,36006,乾坤斗气,7,1,1,0,1,0,1,0,7036006
418,114000,矿渣,1,0,1,0,1,0,0,0,1114000
419,33011,困魔咒,7,1,1,0,1,0,1,0,7033011
420,99920013,蓝翡翠项链,5,0,1,0,1,0,1,1,104920013
421,99930005,蓝色水晶戒指,5,0,1,1,1,0,1,1,104930005
422,99930074,狼首戒指,5,1,1,0,1,0,1,0,104930074
423,99920073,狼牙项链,5,1,1,0,1,0,1,0,104920073
424,99990312,老兵护肩,3,1,1,0,1,0,1,0,102990312
425,99990316,老兵护腕,3,1,1,0,1,0,1,0,102990316
426,32533,雷电术,7,0,1,0,1,0,1,1,7032533
427,99940030,雷霆护腕,5,1,1,0,1,0,1,0,104940030
428,113073;113074;113075;113076,雷霆护腕宝图,1,1,1,0,1,0,1,0,1113073
429,99920032,雷霆项链,5,1,1,0,1,0,1,0,104920032
430,113049;113050;113051;113052,雷霆项链宝图,1,1,1,0,1,0,1,0,1113049
431,99990715,雷霆腰带,3,1,1,0,1,0,1,0,102990715
432,113085;113086;113087;113088,雷霆腰带宝图,1,1,1,0,1,0,1,0,1113085
433,99980713;99990713,雷霆战甲,3,1,1,0,1,21,1,0,102980713
434,113001;113002;113003;113004;113005;113006;113007;113008,雷霆战甲男宝图,1,1,1,0,1,0,1,0,1113001
435,113009;113010;113011;113012;113013;113014;113015;113016,雷霆战甲女宝图,1,1,1,0,1,0,1,0,1113009
436,99930038,雷霆战戒,5,1,1,0,1,0,1,0,104930038
437,113061;113062;113063;113064,雷霆战戒宝图,1,1,1,0,1,0,1,0,1113061
438,99990717,雷霆战靴,3,1,1,0,1,0,1,0,102990717
439,113097;113098;113099;113100,雷霆战靴宝图,1,1,1,0,1,0,1,0,1113097
440,99971101,冷淬玉佩・赤霞,3,1,1,0,1,0,1,0,102971101
441,99971103,冷淬玉佩・碧血,3,1,1,0,1,0,1,0,102971103
442,99971106,冷淬玉佩・褐岩,3,1,1,0,1,0,1,0,102971106
443,99971105,冷淬玉佩・金雷,3,1,1,0,1,0,1,0,102971105
444,99971104,冷淬玉佩・木槿,3,1,1,0,1,0,1,0,102971104
445,99971102,冷淬玉佩・湛波,3,1,1,0,1,0,1,0,102971102
446,34008,冷酷,7,1,1,0,1,0,1,0,7034008
447,90237,冷酷残卷,7,1,1,0,1,0,1,0,7090237
448,2212,礼花,2,1,1,0,1,0,1,0,2002212
449,99930019,力量戒指,5,1,1,0,1,0,1,0,104930019
450,35008,连环暗雷,7,1,1,0,1,0,1,0,7035008
451,99900019,炼狱,4,1,1,0,1,0,1,0,103900019
452,120001,粮食包,6,0,1,0,1,0,1,0,6120001
453,353;383,疗伤药,2,0,1,0,1,0,1,0,2000353
454,31036,烈火剑法,7,1,1,0,1,0,1,0,7031036
455,90217,烈火剑法残卷,7,1,1,0,1,0,1,0,7090217
456,99940031,烈焰护腕,5,1,1,0,1,0,1,0,104940031
457,113077;113078;113079;113080,烈焰护腕宝图,1,1,1,0,1,0,1,0,1113077
458,99930039,烈焰魔戒,5,1,1,0,1,0,1,0,104930039
459,113065;113066;113067;113068,烈焰魔戒宝图,1,1,1,0,1,0,1,0,1113065
460,99990727,烈焰魔靴,3,1,1,0,1,0,1,0,102990727
461,113101;113102;113103;113104,烈焰魔靴宝图,1,1,1,0,1,0,1,0,1113101
462,99980723;99990723,烈焰魔衣,3,1,1,0,1,22,1,0,102980723
463,113017;113018;113019;113020;113021;113022;113023;113024,烈焰魔衣男宝图,1,1,1,0,1,0,1,0,1113017
464,113025;113026;113027;113028;113029;113030;113031;113032,烈焰魔衣女宝图,1,1,1,0,1,0,1,0,1113025
465,99920033,烈焰项链,5,1,1,0,1,0,1,0,104920033
466,113053;113054;113055;113056,烈焰项链宝图,1,1,1,0,1,0,1,0,1113053
467,99990725,烈焰腰带,3,1,1,0,1,0,1,0,102990725
468,113089;113090;113091;113092,烈焰腰带宝图,1,1,1,0,1,0,1,0,1113089
469,99900077,猎首,4,1,1,0,1,0,1,0,103900077
470,33005,灵魂火符,7,0,1,0,1,0,1,1,7033005
471,99920018,灵魂项链,5,1,1,0,1,0,1,0,104920018
472,99980433;99990433,灵魂战衣,3,0,1,0,1,11,1,0,102980433
473,99900012,凌风,4,0,1,1,1,0,1,1,103900012
474,36010,凌云枪法,7,1,1,0,1,0,1,0,7036010
475,32540,流星火雨,7,1,1,0,1,0,1,0,7032540
476,32540,,,,,,,,0,0,32540
477,202002,流星火雨卷轴,7,1,1,0,1,0,1,0,7202002
478,99990532,流云护肩,3,1,1,0,1,0,1,0,102990532
479,99990536,流云护腕,3,1,1,0,1,0,1,0,102990536
480,39105,琉璃鹿,1,1,1,0,1,0,1,0,1039105
481,90203,琉璃珠,1,0,1,0,1,0,1,0,1090203
482,99930003,六角戒指,5,0,1,1,1,0,1,1,104930003
483,99990663,龙枪宝甲,3,1,1,0,1,0,1,0,102990663
484,99961306,龙枪铂金勋章,5,1,1,0,1,0,1,0,104961306
485,99961506,龙枪大师勋章,5,1,1,0,1,0,1,0,104961506
486,111304,龙枪黑铁头盔精华,6,1,1,0,1,0,1,0,6111304
487,99961206,龙枪黄金勋章,5,1,1,0,1,0,1,0,104961206
488,111305,龙枪秘籍,7,1,1,0,1,0,1,0,7111305
489,21006,龙枪铭文石,6,1,1,0,1,0,1,0,6021006
490,99980663,龙枪神甲,3,1,1,0,1,0,1,0,102980663
491,99990661,龙枪头盔,3,1,1,0,1,0,1,0,102990661
492,99961606,龙枪王者勋章,5,1,1,0,1,0,1,0,104961606
493,111301,龙枪武器精粹,6,1,1,0,1,0,1,0,6111301
494,90249,龙枪中级技能书页,7,1,1,0,1,0,1,0,7090249
495,110013,龙枪装备精粹,6,1,1,0,1,0,1,0,6110013
496,99961406,龙枪钻石勋章,5,1,1,0,1,0,1,0,104961406
497,39111,龙髯,1,1,1,0,1,0,1,0,1039111
498,99920087,龙王项链,5,1,1,0,1,0,1,0,104920087
499,99930088,龙王之戒,5,1,1,0,1,0,1,0,104930088
500,99940086,龙王之腕,5,1,1,0,1,0,1,0,104940086
501,90500,龙卫残卷,6,1,1,0,1,0,1,0,6090500
502,90502,龙卫秘典,6,1,1,0,1,0,1,0,6090502
503,99900027,龙纹剑,4,1,1,0,1,0,1,0,103900027
504,99900033,龙牙,4,1,1,0,1,0,1,0,103900033
505,99900108,龙炎,4,1,1,0,1,0,1,0,103900108
506,121005,龙焰菊,6,0,1,0,1,1,1,0,6121005
507,99900056,龙爪手,4,1,1,0,1,0,1,0,103900056
508,99930018,龙之戒指,5,1,1,0,1,0,1,0,104930018
509,99940016,龙之手镯,5,1,1,0,1,0,1,0,104940016
510,99950003,龙之叹息・华美,3,1,1,0,1,0,1,0,102950003
511,99990417,鹿皮靴,3,1,1,0,1,0,1,0,102990417
512,90197,鹿肉,1,0,1,0,1,0,1,0,1090197
513,502,鹿血,1,0,1,0,1,0,1,0,1000502
514,99900110,惊天,4,1,1,0,1,0,1,0,103900110
515,99900035,罗刹,4,1,1,0,1,0,1,0,103900035
516,111064,绿宝石矿,6,1,1,0,1,0,1,0,6111064
517,111076,绿宝石矿碎片,6,0,1,0,1,0,1,0,6111076
518,99920017,绿色项链,5,1,1,0,1,0,1,0,104920017
519,99990552,绿萤护肩,3,1,1,0,1,0,1,0,102990552
520,99930026,麻痹戒指,5,1,1,0,1,0,1,0,104930026
521,99990332,麻织护肩,3,1,1,0,1,0,1,0,102990332
522,99990336,麻织护腕,3,1,1,0,1,0,1,0,102990336
523,39103,玛法之魂,1,1,1,0,1,0,1,0,1039103
524,111111,玛法之魂碎片,1,1,1,0,1,0,1,0,1111111
525,99930049,芒星戒指,5,1,1,0,1,0,1,0,104930049
526,99940038,芒星手镯,5,1,1,0,1,0,1,0,104940038
527,99920045,芒星项链,5,1,1,0,1,0,1,0,104920045
528,99930012,魅力戒指,5,0,1,0,1,0,1,1,104930012
529,80007,盟重回城卷,2,0,1,0,1,0,1,0,2080007
530,80107,盟重回城卷包,2,0,1,0,1,0,1,0,2080107
531,80202,盟重回城石,2,1,1,0,1,0,1,0,2080202
532,18,秘宝币,1,1,1,0,1,0,1,0,1000018
533,111006,棉线,6,0,1,0,1,0,1,0,6111006
534,32539,灭天火,7,1,1,0,1,0,1,0,7032539
535,90300,名俊灵丹,2,1,1,0,1,0,1,0,2090300
536,99930052,冥王戒指,5,1,1,0,1,0,1,0,104930052
537,99940041,冥王手镯,5,1,1,0,1,0,1,0,104940041
538,99920048,冥王项链,5,1,1,0,1,0,1,0,104920048
539,91184,冥想丹,2,1,1,0,1,0,1,0,2091184
540,1500066,铭文石福袋,1,1,1,0,1,0,1,0,2500066
541,99900074,命运之弓,4,1,1,0,1,0,1,0,103900074
542,99900061,命运之刺,4,1,1,0,1,0,1,0,103900061
544,99900104,命运之矛,4,1,1,0,1,0,1,0,103900104
545,99900030,命运之刃,4,1,1,0,1,0,1,0,103900030
546,99900046,命运之杖,4,1,1,0,1,0,1,0,103900046
547,99900047,命运之幡,4,1,1,0,1,0,1,0,103900047
548,10120,命朱灵石1级,6,1,1,0,1,0,1,0,6010120
549,10121,命朱灵石2级,6,1,1,0,1,0,1,0,6010121
550,99950023,魔法斗篷・燃烧,3,1,1,0,1,0,1,0,102950023
551,200023,魔法斗篷・燃烧卷轴,1,1,1,0,1,0,1,0,1200023
552,32535,魔法盾,7,1,1,0,1,0,1,0,7032535
553,99940006,魔法手镯,5,0,1,0,1,0,1,1,104940006
554,99990211,魔法头盔,3,0,1,0,1,0,1,1,102990211
555,371;376;401;406,魔法药(小)包,2,0,1,0,1,0,1,0,2000371
556,321;326,魔法药(小量),2,0,1,0,1,0,1,0,2000321
557,372;377;402;407,魔法药(中)包,2,0,1,0,1,0,1,0,2000372
558,322;327,魔法药(中量),2,0,1,0,1,0,1,0,2000322
559,99980423;99990423,魔法长袍,3,0,1,0,1,10,1,0,102980423
560,99920011,魔鬼项链,5,0,1,1,1,0,1,1,104920011
561,627,魔力秘药,2,1,1,0,1,0,1,0,2000627
562,706,魔力强效神水,2,1,1,0,1,0,1,0,2000706
563,702,魔力神水,2,1,1,0,1,0,1,0,2000702
564,712,魔力圣水,2,1,1,0,1,0,0,0,2000712
565,99940027,魔力手镯,5,0,1,1,1,0,1,1,104940027
566,90220,魔龙教主之矛,1,1,1,0,1,0,1,0,1090220
567,32551,魔能闪,7,1,1,0,1,0,1,0,7032551
568,99930036,魔血戒指,5,1,1,0,1,0,1,0,104930036
569,99940028,魔血手镯,5,1,1,0,1,0,1,0,104940028
570,99920030,魔血项链,5,1,1,0,1,0,1,0,104920030
571,99950013,魔牙战麾・燃烧,3,1,1,0,1,0,1,0,102950013
572,200013,魔牙战麾・燃烧卷轴,1,1,1,0,1,0,1,0,1200013
573,99900018,魔杖,4,1,1,0,1,0,1,0,103900018
574,122007,墨晶,6,0,1,0,1,1,1,0,6122007
575,120002,木材包,6,0,1,0,1,0,1,0,6120002
576,99900071,木弓,4,0,1,1,1,0,1,1,103900071
577,99900001,木剑,4,0,1,0,1,0,1,0,103900001
578,99900100,木枪,4,0,1,1,1,0,1,1,103900100
579,99990623,霓裳羽衣,3,1,1,0,1,0,1,0,102990623
580,99920072,狞猫项链,5,0,1,0,1,0,1,1,104920072
581,35011,凝神,7,1,1,0,1,0,1,0,7035011
582,202000,凝神卷轴,7,1,1,0,1,0,1,0,7202000
583,99900020,凝霜,4,0,1,1,1,0,1,1,103900020
584,99930004,牛角戒指,5,0,1,1,1,0,1,1,104930004
585,39117,牛魔,1,1,1,0,1,0,1,0,1039117
586,90228,牛魔王之血,1,1,1,0,1,0,1,0,1090228
587,99900032,怒斩,4,1,1,0,1,0,1,0,103900032
588,90134,沛灵龙血,1,1,1,0,1,0,1,0,1090134
589,99940017,皮制手套,5,0,1,1,1,0,1,1,104940017
590,99940014,辟邪手镯,5,1,1,0,1,0,1,1,104940014
591,99900014,破魂,4,0,1,1,1,0,1,1,103900014
592,90311,破碎神佑石,1,1,1,0,1,0,1,0,1090311
593,99900059,破天,4,1,1,0,1,0,1,0,103900059
594,1500706;1510706,破袭者宝箱,1,1,1,0,1,0,0,0,2500706
595,99930032,祈祷戒指,5,1,1,0,1,0,1,0,104930032
596,99940023,祈祷手镯,5,1,1,0,1,0,1,0,104940023
597,99910007,祈祷头盔,3,1,1,0,1,0,1,0,102910007
598,99920026,祈祷项链,5,1,1,0,1,0,1,0,104920026
599,99900034,祈祷之刃,4,1,1,0,1,0,1,0,103900034
600,111062,祈福项链,6,1,1,0,1,0,1,0,6111062
601,111074,祈福项链碎片,6,0,1,0,1,0,1,0,6111074
602,99940012,骑士手镯,5,1,1,0,1,0,1,0,104940012
603,39001,骑术,7,1,1,0,1,0,1,0,7039001
604,33018,气功波,7,1,1,0,1,0,1,0,7033018
605,2201,千里传音,2,1,1,0,1,0,1,0,2002201
606,34002,潜行术,7,0,1,0,1,0,1,1,7034002
607,36008,枪出如龙,7,1,1,0,1,0,1,0,7036008
608,90248,枪出如龙残卷,7,1,1,0,1,0,1,0,7090248
609,59910001;59910002;59910003;59910004;59910005;59910006;59910013;59910014;59910017;59910018;59910021;59910022,强化・城主战盔,3,1,1,0,1,15,1,0,62910001
610,59910007;59910008;59910009;59910010;59910011;59910012;59910015;59910016;59910019;59910020;59910023;59910024,强化・城主战袍,3,1,1,0,1,16,1,0,62910007
611,35007,强袭,7,1,1,0,1,0,1,0,7035007
612,90244,强袭残卷,7,1,1,0,1,0,1,0,7090244
613,303;308,强效金创药,2,0,1,0,1,0,1,0,2000303
614,323;328,强效魔法药,2,0,1,0,1,0,1,0,2000323
615,352;357,强效太阳水,2,0,1,0,1,0,1,0,2000352
616,382;387;412;417,强效太阳水包,2,0,1,0,1,0,1,0,2000382
617,720,强效诱惑圣水,2,1,1,0,1,0,1,0,2000720
618,80011,强效战神油,2,1,1,0,1,0,1,0,2080011
619,99900105,青虹,4,1,1,0,1,0,1,0,103900105
620,99900008,青铜斧,4,0,1,1,1,0,1,1,103900008
621,99990362,青铜护肩,3,1,1,0,1,0,1,0,102990362
622,99990366,青铜护腕,3,1,1,0,1,0,1,0,102990366
623,99900004,青铜剑,4,0,1,1,1,0,1,1,103900004
624,99930045,青铜戒指,5,0,1,1,1,0,1,1,104930045
625,99900101,青铜枪,4,0,1,1,1,0,1,1,103900101
626,99990111,青铜头盔,3,0,1,0,1,0,1,1,102990111
627,99961001;99961002;99961003;99961004;99961005;99961006,青铜勋章1,5,0,1,0,1,0,0,0,104961001
628,99990515;99990525;99990535;99990545;99990555;99990565;,青铜腰带,3,1,1,0,1,0,1,0,102990515
629,99980213;99990213,轻型盔甲,3,0,1,0,1,7,1,1,102980213
630,99900079,擎龙,4,1,1,0,1,0,1,0,103900079
631,33012,群体治愈术,7,1,1,0,1,0,1,0,7033012
632,36011,燃血化元,7,1,1,0,1,0,1,0,7036011
633,202007,燃血化元卷轴,7,1,1,0,1,0,1,0,7202007
634,10510,韧紫灵石1级,6,1,1,0,1,0,1,0,6010510
635,10511,韧紫灵石2级,6,1,1,0,1,0,1,0,6010511
636,39116,熔火龙蜥,1,1,1,0,1,0,1,0,1039116
637,501,肉,1,0,1,0,1,0,1,0,1000501
638,601,肉干,1,0,1,0,1,0,1,0,1000601
639,91211,如意丹,2,1,1,0,1,0,1,0,2091211
640,1600016,如意果,1,1,1,0,1,0,1,0,2600016
641,99990352,软革护肩,3,1,1,0,1,0,1,0,102990352
642,99990356,软革护腕,3,1,1,0,1,0,1,0,102990356
643,99920042,软玉项链,5,0,1,1,1,0,1,1,104920042
644,35005,三发散射,7,0,1,0,1,0,1,0,7035005
645,39120,三尾,1,1,1,0,1,0,1,0,1039120
646,99940010,三眼手镯,5,1,1,0,1,0,1,0,104940010
647,80008,沙巴克回城卷,2,0,1,0,1,0,1,0,2080008
648,80108,沙巴克回城卷包,2,0,1,0,1,0,1,0,2080108
649,99930016,珊瑚戒指,5,0,1,0,1,0,1,1,104930016
650,99930048,闪影戒指,5,1,1,0,1,0,1,0,104930048
651,99940037,闪影手镯,5,1,1,0,1,0,1,0,104940037
652,99920044,闪影项链,5,1,1,0,1,0,1,0,104920044
653,111112,上品碎片,1,1,1,0,1,0,1,0,1111112
654,99900103,蛇牙枪,4,1,1,0,1,0,1,0,103900103
655,99930009,蛇眼戒指,5,0,1,1,1,0,1,1,104930009
656,99930075,射手指环,5,1,1,0,1,0,1,0,104930075
657,10620,深灰灵石1级,6,1,1,0,1,0,1,0,6010620
658,10621,深灰灵石2级,6,1,1,0,1,0,1,0,6010621
659,130621,深灰灵石2级卷轴,1,1,1,0,1,0,1,0,1130621
660,10622,深灰灵石3级,6,1,1,0,1,0,1,0,6010622
661,99900072,神臂弓,4,0,1,1,1,0,1,1,103900072
662,99920074,神射项链,5,1,1,0,1,0,1,0,104920074
663,111114,神圣石,2,1,1,0,1,0,1,0,2111114
664,111115,神圣石碎片,2,1,1,0,1,0,1,0,2111115
665,33007,神圣战甲术,7,0,1,0,1,0,1,1,7033007
666,31043,神威盾甲,7,1,1,0,1,0,1,0,7031043
667,36007,神威镇域,7,1,1,0,1,0,1,0,7036007
668,90310,神佑宝石,6,1,1,0,1,0,1,0,6090310
669,99920020,生命项链,5,1,1,0,1,0,1,0,104920020
670,99930006,生铁戒指,5,0,1,1,1,0,1,1,104930006
671,1500121,圣诞盒子,1,1,1,0,1,0,0,0,2500121
672,99930043,圣魔戒指,5,1,1,0,1,0,1,0,104930043
673,99940034,圣魔手镯,5,1,1,0,1,0,1,0,104940034
674,99920040,圣魔项链,5,1,1,0,1,0,1,0,104920040
675,32547,圣言术,7,1,1,0,1,0,1,0,7032547
676,99990613,圣战宝甲,3,1,1,0,1,0,1,0,102990613
677,99961301,圣战铂金勋章,5,1,1,0,1,0,1,0,104961301
678,99961201,圣战黄金勋章,5,1,1,0,1,0,1,0,104961201
679,99930033,圣战戒指,5,1,1,0,1,0,1,0,104930033
680,111014,圣战戒指碎片,6,1,1,0,1,0,1,0,6111014
681,111055,圣战秘籍,7,1,1,0,1,0,1,0,7111055
682,99940024,圣战手镯,5,1,1,0,1,0,1,0,104940024
683,111017,圣战手镯碎片,6,1,1,0,1,0,1,0,6111017
684,99990611,圣战头盔,3,1,1,0,1,0,1,0,102990611
685,99920027,圣战项链,5,1,1,0,1,0,1,0,104920027
686,111011,圣战项链碎片,6,1,1,0,1,0,1,0,6111011
687,110006,圣战装备精粹,6,1,1,0,1,0,1,0,6110006
688,99961401,圣战钻石勋章,5,1,1,0,1,0,1,0,104961401
689,90192,尸王之泪,1,1,1,0,1,0,1,0,1090192
690,99940072,狮纹手镯,5,1,1,0,1,0,1,0,104940072
691,31037,狮子吼,7,1,1,0,1,0,1,0,7031037
692,33004,施毒术,7,0,1,0,1,0,1,1,7033004
693,99920043,十方项链,5,0,1,0,1,0,1,1,104920043
694,120003,石料包,6,0,1,0,1,0,1,0,6120003
695,90201,石身残片,1,1,1,0,1,0,1,0,1090201
696,99900029,嗜魂法杖,4,1,1,0,1,0,1,0,103900029
697,33010,噬血术,7,1,1,0,1,0,1,0,7033010
698,202003,噬血术卷轴,7,1,1,0,1,0,1,0,7202003
699,35012,守护箭羽,7,1,1,0,1,0,1,0,7035012
700,10220,守阳灵石1级,6,1,1,0,1,0,1,0,6010220
701,10221,守阳灵石2级,6,1,1,0,1,0,1,0,6010221
702,99990452,兽骨护肩,3,1,1,0,1,0,1,0,102990452
703,99990456,兽骨护腕,3,1,1,0,1,0,1,0,102990456
704,99980553;99990553,兽骨猎袍,3,1,1,0,1,0,1,0,102980553
705,111009,兽皮,6,0,1,0,1,0,1,0,6111009
706,99990315,兽皮腰带,3,1,1,0,1,0,1,0,102990315
707,99900052,双刀,4,0,1,1,1,0,1,1,103900052
708,99900075,双环战弓,4,1,1,0,1,0,1,0,103900075
709,99950033,霜焰披风・燃烧,3,1,1,0,1,0,1,0,102950033
710,200033,霜焰披风・燃烧卷轴,1,1,1,0,1,0,1,0,1200033
711,99900057,霜影,4,1,1,0,1,0,1,0,103900057
712,99990542,霜影护肩,3,1,1,0,1,0,1,0,102990542
713,99990546,霜影护腕,3,1,1,0,1,0,1,0,102990546
714,32538,瞬息移动,7,0,1,0,1,0,1,1,7032538
715,99940011,思贝儿手镯,5,1,1,0,1,0,1,0,104940011
716,99940019,死神手套,5,0,1,0,1,0,1,1,104940019
717,80005,随机传送卷,2,0,1,0,1,0,1,0,2080005
718,80105,随机传送卷包,2,0,1,0,1,0,1,0,2080105
719,80203;80206,随机传送石,2,1,1,0,1,0,1,0,2080203
720,140001,碎裂的无相石,1,1,1,0,1,0,1,0,1140001
721,39109,踏风隼,1,1,1,0,1,0,1,0,1039109
722,39122,踏云,1,1,1,0,1,0,1,0,1039122
723,351;356,太阳水,2,0,1,0,1,0,1,0,2000351
724,381;386;411;416,太阳水包,2,0,1,0,1,0,1,0,2000381
725,99930021,泰坦戒指,5,1,1,0,1,0,1,0,104930021
726,99920023,探测项链,5,1,1,0,1,0,1,0,104920023
727,99940036,桃木手镯,5,0,1,1,1,0,1,1,104940036
728,635,特级护甲片,2,1,1,0,1,0,1,0,2000635
729,110011,特级装备碎片,6,1,1,0,1,0,1,0,6110011
730,610;612,特效金创药,2,0,1,0,1,0,1,0,2000610
731,614;616;394;399,特效金创药包,2,0,1,0,1,0,1,0,2000614
732,618;620,特效魔法药,2,0,1,0,1,0,1,0,2000618
733,622;624;404;409,特效魔法药包,2,0,1,0,1,0,1,0,2000622
734,631,体力秘药,2,1,1,0,1,0,1,0,2000631
735,705,体力强效神水,2,1,1,0,1,0,1,0,2000705
736,140005,天赋突破石,1,1,1,0,1,0,1,0,1140005
737,99980613,天魔神甲,3,1,1,0,1,0,1,0,102980613
738,99990633,天师长袍,3,1,1,0,1,0,1,0,102990633
739,202006,天书残页,1,1,1,0,1,0,1,0,1202006
740,99980763;99990763,天诛魔甲,3,1,1,0,1,0,1,0,102980763
741,113301;113302;113303;113304;113305;113306;113307;113308,天诛魔甲男宝图,1,1,1,0,1,0,1,0,1113301
742,113309;113310;113311;113312;113313;113314;113315;113316,天诛魔甲女宝图,1,1,1,0,1,0,1,0,1113309
743,99990767,天诛暗靴,3,1,1,0,1,0,1,0,102990767
744,113333;113334;113335;113336,天诛魔靴宝图,1,1,1,0,1,0,1,0,1113333
745,99940085,天诛邪镯,5,1,1,0,1,0,1,0,104940085
746,113325;113326;113327;113328,天诛邪镯宝图,1,1,1,0,1,0,1,0,1113325
747,99920086,天诛凶链,5,1,1,0,1,0,1,0,104920086
748,113317;113318;113319;113320,天诛凶链宝图,1,1,1,0,1,0,1,0,1113317
749,99930087,天诛血戒,5,1,1,0,1,0,1,0,104930087
750,113321;113322;113323;113324,天诛血戒宝图,1,1,1,0,1,0,1,0,1113321
751,99990765,天诛腰带,3,1,1,0,1,0,1,0,102990765
752,113329;113330;113331;113332,天诛腰带宝图,1,1,1,0,1,0,1,0,1113329
753,99920021,天珠项链,5,1,1,0,1,0,1,0,104920021
754,99961303,天尊铂金勋章,5,1,1,0,1,0,1,0,104961303
755,99980633,天尊道袍,3,1,1,0,1,0,1,0,102980633
756,99961203,天尊黄金勋章,5,1,1,0,1,0,1,0,104961203
757,99930035,天尊戒指,5,1,1,0,1,0,1,0,104930035
758,111016,天尊戒指碎片,6,1,1,0,1,0,1,0,6111016
759,111057,天尊秘籍,7,1,1,0,1,0,1,0,7111057
760,99940026,天尊手镯,5,1,1,0,1,0,1,0,104940026
761,111019,天尊手镯碎片,6,1,1,0,1,0,1,0,6111019
762,99990631,天尊头盔,3,1,1,0,1,0,1,0,102990631
763,99920029,天尊项链,5,1,1,0,1,0,1,0,104920029
764,111013,天尊项链碎片,6,1,1,0,1,0,1,0,6111013
765,110008,天尊装备精粹,6,1,1,0,1,0,1,0,6110008
766,99961403,天尊钻石勋章,5,1,1,0,1,0,1,0,104961403
767,99940083,铁虎腕轮,5,1,1,0,1,0,1,0,104940083
768,99920084,铁虎项链,5,1,1,0,1,0,1,0,104920084
769,99930085,铁虎指环,5,1,1,0,1,0,1,0,104930085
770,99900006,铁剑,4,0,1,1,1,0,1,1,103900006
771,116003;116004;116005;116006;116007;116008;116009;116010;116011;116012;116013;116014;116015;116016;116017;116018;116019;116020;116021;116022;116023;116024;116025;116026,铁矿,6,0,1,0,1,3,0,0,6116003
772,120004,铁料包,6,0,1,0,1,0,1,0,6120004
773,99930073,铁皮指环,5,0,1,0,1,0,1,1,104930073
774,99940001,铁手镯,5,0,1,1,1,0,1,1,104940001
775,99900073,铁胎弓,4,0,1,1,1,0,1,1,103900073
776,99990412,铁牙护肩,3,1,1,0,1,0,1,0,102990412
777,99990416,铁牙护腕,3,1,1,0,1,0,1,0,102990416
778,99990415,铁腰带,3,1,1,0,1,0,1,0,102990415
779,115003;115004;115005;115006;115007;115008;115008;115010;115011;115012;115013;115014;115015;115016;115017;115018;115019;115020;115021;115022;115023;11502;115025;115026,铜矿,6,0,1,0,1,2,0,0,6115003
780,10310,透蓝灵石1级,6,1,1,0,1,0,1,0,6010310
781,10311,透蓝灵石2级,6,1,1,0,1,0,1,0,6010311
782,99900026,屠龙,4,1,1,0,1,0,1,0,103900026
783,99900043,屠龙镐,4,1,1,0,1,0,1,0,103900043
784,90251,屠龙信物,1,1,1,0,1,0,1,0,1090251
785,140004,完美的无相石,1,1,1,0,1,0,1,0,1140004
786,140002,完整的无相石,1,1,1,0,1,0,1,0,1140002
787,1023002,暗殿宝箱・银,1,1,1,0,1,0,1,0,2023002
788,1023004,暗殿宝箱・铂金,1,1,1,0,1,0,1,0,2023004
789,91195,副本入场券,1,1,1,0,1,0,1,0,1091195
790,1023003,暗殿宝箱・金,1,1,1,0,1,0,1,0,2023003
791,91166,暗殿钥匙・金,1,1,1,0,1,0,1,0,1091166
792,90234,未知暗殿秘符,1,1,1,0,1,0,1,0,1090234
793,1023001,暗殿宝箱・铜,1,1,1,0,1,0,1,0,2023001
794,91164,暗殿钥匙・铜,1,1,1,0,1,0,1,0,1091164
795,91165,暗殿钥匙・银,1,1,1,0,1,0,1,0,1091165
796,10320,蔚蓝灵石1级,6,1,1,0,1,0,1,0,6010320
797,10321,蔚蓝灵石2级,6,1,1,0,1,0,1,0,6010321
798,10322,蔚蓝灵石3级,6,1,1,0,1,0,1,0,6010322
799,111024,沃玛淬炼石,6,1,1,0,1,0,1,0,6111024
800,80002,沃玛号角,1,1,1,0,1,0,1,0,1080002
801,90193,沃玛教主之牙,1,1,1,0,1,0,1,0,1090193
802,111023,沃玛精华,6,1,1,0,1,0,1,0,6111023
803,94002,沃玛令牌(大),1,0,1,0,1,0,1,0,1094002
804,94001,沃玛令牌(小),1,0,1,0,1,0,1,0,1094001
805,1500365,沃玛勇者宝箱,1,1,1,0,1,0,1,0,2500365
806,99900003,乌木剑,4,0,1,0,1,0,1,1,103900003
807,99900024,无极棍,4,1,1,0,1,0,1,0,103900024
808,33015,无极真气,7,1,1,0,1,0,1,0,7033015
809,140003,无瑕的无相石,1,1,1,0,1,0,1,0,1140003
810,202005,无字天书,7,1,1,0,1,0,1,0,7202005
811,91128,五色石,6,1,1,0,1,0,1,0,6091128
812,111101,洗炼石,6,1,1,0,1,0,1,0,6111101
813,99940013,夏普儿手镯,5,1,1,0,1,0,1,1,104940013
814,99980563;99990563,陷阵之甲,3,1,1,0,1,0,1,0,102980563
815,111311;111313,陷阵之甲淬炼石,6,1,1,0,1,0,1,0,6111311
816,111310;111312,陷阵之甲精华,6,1,1,0,1,0,1,0,6111310
817,34012,献祭,7,1,1,0,1,0,1,0,7034012
818,99900031,逍遥扇,4,1,1,0,1,0,1,0,103900031
819,99940002,小手镯,5,0,1,1,1,0,1,1,104940002
820,99940015,心灵手镯,5,1,1,0,1,0,1,0,104940015
821,2214,新年祝福蛋糕,2,1,1,0,1,0,1,0,2002214
822,10210,新阳灵石1级,6,1,1,0,1,0,1,0,6010210
823,10211,新阳灵石2级,6,1,1,0,1,0,1,0,6010211
824,122006,星金,6,0,1,0,1,1,1,0,6122006
825,99980943;99990943,星王暗衣,3,1,1,0,1,0,1,0,102980943
826,99980933;99990933,星王道袍,3,1,1,0,1,0,1,0,102980933
827,99980923;99990923,星王法衣,3,1,1,0,1,0,1,0,102980923
828,99980963;99990963,星王将袍,3,1,1,0,1,0,1,0,102980963
829,99930054,星王戒指(法神),5,1,1,0,1,0,1,0,104930054
830,113206,星王戒指(法神)碎片,6,1,1,0,1,0,1,0,6113206
831,99930079,星王戒指(箭灵),5,1,1,0,1,0,1,0,104930079
832,113214,星王戒指(箭灵)碎片,6,1,1,0,1,0,1,0,6113214
833,99930089,星王戒指(龙枪),5,1,1,0,1,0,1,0,104930089
834,113217,星王戒指(龙枪)碎片,6,1,1,0,1,0,1,0,6113217
835,99930053,星王戒指(圣战),5,1,1,0,1,0,1,0,104930053
836,113205,星王戒指(圣战)碎片,6,1,1,0,1,0,1,0,6113205
837,99930055,星王戒指(天尊),5,1,1,0,1,0,1,0,104930055
838,113207,星王戒指(天尊)碎片,6,1,1,0,1,0,1,0,6113207
839,99930056,星王戒指(影刺),5,1,1,0,1,0,1,0,104930056
840,113208,星王戒指(影刺)碎片,6,1,1,0,1,0,1,0,6113208
841,99980953;99990953,星王猎装,3,1,1,0,1,0,1,0,102980953
842,99940043,星王手镯(法神),5,1,1,0,1,0,1,0,104940043
843,113210,星王手镯(法神)碎片,6,1,1,0,1,0,1,0,6113210
844,99940077,星王手镯(箭灵),5,1,1,0,1,0,1,0,104940077
845,113215,星王手镯(箭灵)碎片,6,1,1,0,1,0,1,0,6113215
846,99940087,星王手镯(龙枪),5,1,1,0,1,0,1,0,104940087
847,113218,星王手镯(龙枪)碎片,6,1,1,0,1,0,1,0,6113218
848,99940042,星王手镯(圣战),5,1,1,0,1,0,1,0,104940042
849,113209,星王手镯(圣战)碎片,6,1,1,0,1,0,1,0,6113209
850,99940044,星王手镯(天尊),5,1,1,0,1,0,1,0,104940044
851,113211,星王手镯(天尊)碎片,6,1,1,0,1,0,1,0,6113211
852,99940045,星王手镯(影刺),5,1,1,0,1,0,1,0,104940045
853,113212,星王手镯(影刺)碎片,6,1,1,0,1,0,1,0,6113212
854,99920054,星王项链(法神),5,1,1,0,1,0,1,0,104920054
855,113202,星王项链(法神)碎片,6,1,1,0,1,0,1,0,6113202
856,99920080,星王项链(箭灵),5,1,1,0,1,0,1,0,104920080
857,113213,星王项链(箭灵)碎片,6,1,1,0,1,0,1,0,6113213
858,99920090,星王项链(龙枪),5,1,1,0,1,0,1,0,104920090
859,113216,星王项链(龙枪)碎片,6,1,1,0,1,0,1,0,6113216
860,99920053,星王项链(圣战),5,1,1,0,1,0,1,0,104920053
861,113201,星王项链(圣战)碎片,6,1,1,0,1,0,1,0,6113201
862,99920055,星王项链(天尊),5,1,1,0,1,0,1,0,104920055
863,113203,星王项链(天尊)碎片,6,1,1,0,1,0,1,0,6113203
864,99920056,星王项链(影刺),5,1,1,0,1,0,1,0,104920056
865,113204,星王项链(影刺)碎片,6,1,1,0,1,0,1,0,6113204
866,99980913;99990913,星王战甲,3,1,1,0,1,0,1,0,102980913
867,91117,幸运符,6,1,1,0,1,0,1,0,6091117
868,110012,修复油,2,1,1,0,1,0,1,0,2110012
869,99900017,修罗,4,0,1,1,1,0,1,1,103900017
870,113165;113166;113167;113168,玄冰指环宝图,1,1,1,0,1,0,1,0,1113165
871,113145;113146;113147;113148;113149;113150;113151;113152,玄冰战甲男宝图,1,1,1,0,1,0,1,0,1113145
872,113153;113154;113155;113156;113157;113158;113159;113160,玄冰战甲女宝图,1,1,1,0,1,0,1,0,1113153
873,113169;113170;113171;113172,玄冰护腕宝图,1,1,1,0,1,0,1,0,1113169
874,99990757,玄冰猎靴,3,1,1,0,1,0,1,0,102990757
875,113177;113178;113179;113180,玄冰灵靴宝图,1,1,1,0,1,0,1,0,1113177
876,99940075,玄冰手镯,5,1,1,0,1,0,1,0,104940075
877,99920076,玄冰项链,5,1,1,0,1,0,1,0,104920076
878,113161;113162;113163;113164,玄冰项链宝图,1,1,1,0,1,0,1,0,1113161
879,99990755,玄冰腰带,3,1,1,0,1,0,1,0,102990755
880,113173;113174;113175;113176,玄冰腰带宝图,1,1,1,0,1,0,1,0,1113173
881,99980753;99990753,玄冰战甲,3,1,1,0,1,0,1,0,102980753
882,99930077,玄冰指环,5,1,1,0,1,0,1,0,104930077
883,39121,玄虎,1,1,1,0,1,0,1,0,1039121
884,99900038,玄天,4,1,1,0,1,0,1,0,103900038
885,34006,旋风腿,7,1,1,0,1,0,1,0,7034006
886,121007,雪域紫绒,6,0,1,0,1,1,1,0,6121007
887,99900078,血染,4,1,1,0,1,0,1,0,103900078
888,99940073,血狮腕带,5,1,1,0,1,0,1,0,104940073
889,99900023,血饮,4,1,1,0,1,0,1,0,103900023
890,122004,血玉,6,0,1,0,1,1,1,0,6122004
891,111061,勋章之心,6,1,1,0,1,0,1,0,6111061
892,111073,勋章之心碎片,6,0,1,0,1,0,1,0,6111073
893,39104,驯鹿,1,1,1,0,1,0,1,0,1039104
894,34005,炎龙波,7,1,1,0,1,0,1,0,7034005
895,122005,炎髓,6,0,1,0,1,1,1,0,6122005
896,99940021,阎罗手套,5,1,1,0,1,0,1,0,104940021
897,39114,偃甲灵鼠,1,1,1,0,1,0,1,0,1039114
898,99900013,偃月,4,0,1,1,1,0,1,1,103900013
899,91114,妖兽秘卷,1,1,1,0,1,0,1,0,1091114
900,99980643,耀阳赤衣,3,1,1,0,1,0,1,0,102980643
901,99980453;99990453,野猎之袍,3,0,1,0,1,0,1,0,102980453
902,31035,野蛮冲撞,7,1,1,0,1,0,1,0,7031035
903,90202,夜明珠,1,1,1,0,1,0,1,0,1090202
904,99900044,倚天剑,1,1,1,0,1,0,1,0,100900044
905,117003;117004;117005;117006;117007;117008;117009;117010;117011;117012;117013;117014;117015;117016;117017;117018;117019;117020;117021;117022;117023;117024;117025;117026,银矿,6,0,1,0,1,4,0,0,6117003
906,99900021,银蛇,4,1,1,0,1,0,1,0,103900021
907,99940003,银手镯,5,0,1,1,1,0,1,1,104940003
908,99930030,隐身戒指,5,1,1,0,1,0,1,0,104930030
909,717,隐身圣水,2,1,1,0,1,0,0,0,2000717
910,33009,隐身术,7,0,1,0,1,0,1,1,7033009
911,122001,荧铜,6,0,1,0,1,1,1,0,6122001
912,10410,盈绿灵石1级,6,1,1,0,1,0,1,0,6010410
913,10411,盈绿灵石2级,6,1,1,0,1,0,1,0,6010411
914,201014,风暴戒指卷轴,1,1,1,0,1,0,1,0,1201014
915,111077,影刺秘籍,6,1,1,0,1,0,1,0,6111077
916,201024,风暴手镯卷轴,1,1,1,0,1,0,1,0,1201024
917,111078,影刺武器精粹,6,1,1,0,1,0,1,0,6111078
918,201004,风暴项链卷轴,1,1,1,0,1,0,1,0,1201004
919,110009,影刺装备精粹,6,1,1,0,1,0,1,0,6110009
920,1500926;1500927;1500928,勇者金币礼包,1,1,1,0,1,0,1,0,2500926
921,121011,优质赤血苔,6,1,1,0,1,1,1,0,6121011
922,121008,优质甘草,6,1,1,0,1,1,1,0,6121008
923,121012,优质龙焰菊,6,1,1,0,1,1,1,0,6121012
924,122014,优质墨晶,6,1,1,0,1,1,1,0,6122014
925,122013,优质星金,6,1,1,0,1,1,1,0,6122013
926,121014,优质雪域紫绒,6,1,1,0,1,1,1,0,6121014
927,122011,优质血玉,6,1,1,0,1,1,1,0,6122011
928,122012,优质炎髓,6,1,1,0,1,1,1,0,6122012
929,122008,优质荧铜,6,1,1,0,1,1,1,0,6122008
930,121013,优质月灯草,6,1,1,0,1,1,1,0,6121013
931,33006,幽灵盾,7,0,1,0,1,0,1,1,7033006
932,99940020,幽灵手套,5,1,1,0,1,0,1,0,104940020
933,99920016,幽灵项链,5,1,1,0,1,0,1,0,104920016
934,99980533;99990533,幽灵战衣,3,1,1,0,1,14,1,0,102980533
935,111038;111040,幽灵战衣淬炼石,6,1,1,0,1,0,1,0,6111038
936,111037;111039,幽灵战衣精华,6,1,1,0,1,0,1,0,6111037
937,91112,幽冥海传送卷轴,2,0,0,0,1,0,1,0,2091112
938,801,诱惑神水,2,1,1,0,1,0,1,0,2000801
939,719,诱惑圣水,2,1,1,0,1,0,1,0,2000719
940,32541,诱惑之光,7,0,1,0,1,0,1,1,7032541
941,90204,鱼人法器,1,1,1,0,1,0,1,0,1090204
942,90208,鱼人法器碎片,1,0,1,0,1,0,1,0,1090208
943,99990653,羽灵护甲,3,1,1,0,1,0,1,0,102990653
944,99971003,玉佩・碧血,3,1,1,0,1,0,1,0,102971003
945,99971001,玉佩・赤霞,3,1,1,0,1,0,1,0,102971001
946,99971006,玉佩・褐岩,3,1,1,0,1,0,1,0,102971006
947,99971005,玉佩・金雷,3,1,1,0,1,0,1,0,102971005
948,99971004,玉佩・木槿,3,1,1,0,1,0,1,0,102971004
949,99971002,玉佩・湛波,3,1,1,0,1,0,1,0,102971002
950,10110,驭朱灵石1级,6,1,1,0,1,0,1,0,6010110
951,10111,驭朱灵石2级,6,1,1,0,1,0,1,0,6010111
952,10112,驭朱灵石3级,6,1,1,0,1,0,1,0,6010112
953,99999014,预言头盔(法神),3,1,1,0,1,0,1,0,102999014
954,99999028,预言头盔(箭灵),3,1,1,0,1,0,1,0,102999028
955,99999034,预言头盔(龙枪),3,1,1,0,1,0,1,0,102999034
956,99999013,预言头盔(圣战),3,1,1,0,1,0,1,0,102999013
957,99999015,预言头盔(天尊),3,1,1,0,1,0,1,0,102999015
958,99999016,预言头盔(影刺),3,1,1,0,1,0,1,0,102999016
959,99999018,预言靴子(法神),3,1,1,0,1,0,1,0,102999018
960,99999029,预言靴子(箭灵),3,1,1,0,1,0,1,0,102999029
961,99999035,预言靴子(龙枪),3,1,1,0,1,0,1,0,102999035
962,99999017,预言靴子(圣战),3,1,1,0,1,0,1,0,102999017
963,99999019,预言靴子(天尊),3,1,1,0,1,0,1,0,102999019
964,99999020,预言靴子(影刺),3,1,1,0,1,0,1,0,102999020
965,99999022,预言腰带(法神),3,1,1,0,1,0,1,0,102999022
966,99999030,预言腰带(箭灵),3,1,1,0,1,0,1,0,102999030
967,99999036,预言腰带(龙枪),3,1,1,0,1,0,1,0,102999036
968,99999021,预言腰带(圣战),3,1,1,0,1,0,1,0,102999021
969,99999023,预言腰带(天尊),3,1,1,0,1,0,1,0,102999023
970,99999024,预言腰带(影刺),3,1,1,0,1,0,1,0,102999024
971,36009,御龙晶甲,7,1,1,0,1,0,1,0,7036009
972,130001,元素之灵,1,1,1,0,1,0,1,0,1130001
973,91139,原石精华,6,1,1,0,1,0,1,0,6091139
974,118050,远古魂晶,1,1,1,0,1,0,0,0,1118050
975,118049,远古魂石,1,1,1,0,1,0,0,0,1118049
976,121006,月灯草,6,0,1,0,1,1,1,0,6121006
977,99930078,陨晶之戒,5,1,1,0,1,0,1,0,104930078
978,1501060,运2珍宝碎片,1,1,1,0,1,0,1,0,2501060
979,99900016,斩马刀,4,0,1,1,1,0,1,1,103900016
980,90302,战将灵丹,2,1,1,0,1,0,1,0,2090302
981,99930042,战神戒指,5,1,1,0,1,0,1,0,104930042
982,99980513;99990513,战神盔甲,3,1,1,0,1,12,1,0,102980513
983,111030;111032,战神盔甲淬炼石,6,1,1,0,1,0,1,0,6111030
984,111029;111031,战神盔甲精华,6,1,1,0,1,0,1,0,6111029
985,99940033,战神手镯,5,1,1,0,1,0,1,0,104940033
986,99920039,战神项链,5,1,1,0,1,0,1,0,104920039
987,111041,战士黑铁头盔精华,6,1,1,0,1,0,1,0,6111041
988,21001,战士铭文石,6,1,1,0,1,0,1,0,6021001
989,90214,战士中级技能书页,7,0,1,0,1,0,1,0,7090214
990,35004,战术标记,7,0,1,1,1,0,1,1,7035004
991,724,长效刺术神水,2,1,1,0,1,0,0,0,2000724
992,725,长效弓术神水,2,1,1,0,1,0,0,0,2000725
993,721,长效攻击神水,2,1,1,0,1,0,0,0,2000721
994,723,长效精神神水,2,1,1,0,1,0,0,0,2000723
995,722,长效魔力神水,2,1,1,0,1,0,0,0,2000722
996,39113,长牙,1,1,1,0,1,0,1,0,1039113
997,33003,召唤骷髅,7,0,1,0,1,0,1,1,7033003
998,36012,召唤龙驹,7,1,1,0,1,0,1,0,7036012
999,33008,召唤神兽,7,1,1,0,1,0,1,0,7033008
1000,90219,召唤神兽残卷,7,1,1,0,1,0,1,0,7090219
1001,111113,珍品碎片,1,1,1,0,1,0,1,0,1111113
1002,111100,珍品武器碎片,1,1,1,0,1,0,1,0,1111100
1003,99930007,珍珠戒指,5,0,1,1,1,0,1,1,104930007
1004,99930044,真魂戒指,5,1,1,0,1,0,1,0,104930044
1005,99940035,真魂手镯,5,1,1,0,1,0,1,0,104940035
1006,99920041,真魂项链,5,1,1,0,1,0,1,0,104920041
1007,100001,镇魔秘药,2,1,1,0,1,0,1,0,2100001
1008,80031,镇魔印记,1,1,1,0,1,0,1,0,1080031
1009,99900039,镇天,4,1,1,0,1,0,1,0,103900039
1010,33002,治愈术,7,0,1,0,1,0,1,0,7033002
1011,34003,致残毒药,7,1,1,0,1,0,1,0,7034003
1012,100003,中级红名符,2,0,1,0,1,0,1,0,2100003
1013,633,中级护甲片,2,1,1,0,1,0,1,0,2000633
1014,111201,中品碎片,1,1,1,0,1,0,1,0,1111201
1015,36001,中平枪术,7,0,1,0,1,0,1,0,7036001
1016,99980313;99990313,中型盔甲,3,0,1,1,1,8,1,1,102980313
1017,99980413;99990413,重盔甲,3,0,1,0,1,9,1,0,102980413
1018,99920014,竹笛,5,0,1,0,1,0,1,1,104920014
1019,31038,爆炎剑诀,7,1,1,0,1,0,1,0,7031038
1020,31042,逐日剑法,7,1,1,0,1,0,1,0,7031042
1021,202001,逐日剑法卷轴,7,1,1,0,1,0,1,0,7202001
1022,80003,祝福油,2,1,1,0,1,0,1,0,2080003
1023,111001,装备碎片,6,0,1,0,1,0,1,0,6111001
1024,39102,追风,1,1,1,0,1,0,1,0,1039102
1025,99900054,追魂,4,1,1,0,1,0,1,0,103900054
1026,34010,追魂镖,7,1,1,0,1,0,1,0,7034010
1027,99930020,紫碧螺,5,1,1,0,1,0,1,0,104930020
1028,99990517;99990527;99990537;99990547;99990557;99990567;,紫绸靴,3,1,1,0,1,0,1,0,102990517
1029,99990442,紫金护肩,3,1,1,0,1,0,1,0,102990442
1030,99990446,紫金护腕,3,1,1,0,1,0,1,0,102990446
1031,111063,紫水晶矿,6,1,1,0,1,0,1,0,6111063
1032,111075,紫水晶矿碎片,6,0,1,0,1,0,1,0,6111075
1033,99930047,紫玉戒指,5,0,1,0,1,0,1,1,104930047
1034,111026,祖玛淬炼石,6,1,1,0,1,0,1,0,6111026
1035,99900076,沉锋,4,1,1,0,1,0,1,0,103900076
1036,111025,祖玛精华,6,1,1,0,1,0,1,0,6111025
1037,94004,祖玛令牌(大),1,0,1,0,1,0,1,0,1094004
1038,94003,祖玛令牌(小),1,0,1,0,1,0,1,0,1094003
1039,90196,祖玛头像,1,1,1,0,1,0,1,0,1090196
1040,1500366,祖玛勇者宝箱,1,1,1,0,1,0,1,0,2500366
1041,80032,修罗令,1,1,1,0,1,0,1,0,1080032
1042,99990712;99990722;99990732;99990742;99990752;99990762,破凰护肩,3,1,1,0,1,0,1,0,102990712
1048,94005,赤月令牌(小),1,0,1,0,1,0,1,0,1094005
1049,94006,赤月令牌(大),1,0,1,0,1,0,1,0,1094006
1050,119000;119001;119002;119003;119004,未鉴定的秘境钥石,1,0,1,0,1,0,1,0,1119000
1051,2004001;2004002;2004003;2004004;2004005,无相钥石,1,0,1,0,1,0,1,0,3004001
1052,383;388;413;418,疗伤药包,2,0,1,0,1,0,1,0,2000383
1053,99920070,虹魔吊坠,5,1,1,0,1,0,1,0,104920070
1054,99930070,虹魔指环,5,1,1,0,1,0,1,0,104930070
1055,99940070,虹魔护腕,5,1,1,0,1,0,1,0,104940070
1056,99950005,龙之叹息・耀眼,3,1,1,0,1,0,1,0,102950005
1057,39123,灵兔,1,1,1,0,1,0,1,0,1039123
1058,39124,军机魔蝎,1,1,1,0,1,0,1,0,1039124
1059,41001,精炼精华,6,1,1,0,1,0,1,0,6041001
1060,41002,精炼石,6,1,1,0,1,0,1,0,6041002
1061,99990716;99990726;99990736;99990746;99990756;99990766,破凰护腕,3,1,1,0,1,0,1,0,102990716
1062,1502100;1502101;1502102,蒙尘罗盘,1,0,1,0,1,0,1,0,2502100
1063,1502103;1502104;1502105,普通罗盘,1,0,1,0,1,0,1,0,2502103
1064,1502106;1502107;1502108,秘藏罗盘,1,1,1,0,1,0,1,0,2502106
1065,1502111,高级运2珍宝碎片,1,1,1,0,1,0,1,0,2502111
1066,1502112,特级运2珍宝碎片,1,1,1,0,1,0,1,0,2502112
1067,99990911;99990921;99990931;99990941;99990951;99990961,星王头盔,3,1,1,0,1,0,1,0,102990911
1068,113340;113342;113343;113345;113346;113347;113352;113353;113356;113357;113360;113361,赤月武器残片,6,1,1,0,1,0,0,0,6113340
1069,113341;113344;113351;113354;113358;113362,魔龙武器残片,6,1,1,0,1,0,0,0,6113341
1070,113348;113349;113350;113355;113359;113363,苍月武器残片,6,1,1,0,1,0,0,0,6113348
1071,113424;113425;113426;113427;113428;113429,魔龙腰带碎片,6,1,1,0,1,0,0,0,6113424
1072,113430;113431;113432;113433;113434;113435,魔龙战靴碎片,6,1,1,0,1,0,0,0,6113430
1073,99990917;99990927;99990937;99990947;99990957;99990967,星王靴子,3,1,1,0,1,0,1,0,102990917
1074,113364;113365;113366;113370;113372;113374,魔龙项链碎片,6,1,1,0,1,0,0,0,6113364
1075,113376;113377;113378;113382;113384;113386,魔龙戒指碎片,6,1,1,0,1,0,0,0,6113376
1076,113388;113389;113390;113394;113396;113398,魔龙手镯碎片,6,1,1,0,1,0,0,0,6113388
1077,113400;113401;113402;113403;113404;113405;113406;113407;113408;113409;113410;113411,赤月衣服碎片,6,1,1,0,1,0,0,0,6113400
1078,113412;113413;113414;113415;113416;113417;113418;113419;113420;113421;113422;113423,魔龙衣服碎片,6,1,1,0,1,0,0,0,6113412
1079,99990915;99990925;99990935;99990945;99990955;99990965,星王腰带,3,1,1,0,1,0,1,0,102990915
1080,113367;113368;113369;113371;113373;113375,苍月项链碎片,6,1,1,0,1,0,0,0,6113367
1081,113379;113380;113381;113383;113385;113387,苍月戒指碎片,6,1,1,0,1,0,0,0,6113379
1082,113391;113392;113393;113395;113397;113399,苍月手镯碎片,6,1,1,0,1,0,0,0,6113391
1083,113436;113437;113438;113438;113440;113441;113442;113443;113444;113445;113446;113447,苍月衣服碎片,6,1,1,0,1,0,0,0,6113436
1085,99920091;99920092;99920093;99920094;99920095;99920096,高级记忆项链,5,1,1,0,1,0,1,0,104920091
1086,99920097;99920098;99920099;99920100;99920101;99920102,特级记忆项链,5,1,1,0,1,0,1,0,104920097
1087,39123,灵兔,1,1,1,0,1,0,1,0,1039123
1088,39124,军机魔蝎,1,1,1,0,1,0,1,0,1039124
1089,39125,利爪,1,1,1,0,1,0,1,0,1039125
1090,39126,巅峰战熊,1,1,1,0,1,0,1,0,1039126
1091,39127,军机戎车,1,1,1,0,1,0,1,0,1039127
1092,99990815;99990825;99990835;99990845;99990855;99990865,强化・魔龙腰带,3,1,1,0,1,0,1,0,102990815
1098,99990817;99990827;99990837;99990847;99990857;99990867,强化・魔龙战靴,3,1,1,0,1,0,1,0,102990817
1099,80021,高级祝福油,1,1,1,0,1,0,0,0,1080021
1104,90253,魔龙断齿,1,1,1,0,1,0,1,0,1090253
1105,90254,魔龙碎鳞,1,1,1,0,1,0,1,0,1090254
1106,59990207;59990208;59990209;59990210;59990211;59990212,强化・城主腰带,3,1,1,0,1,0,1,0,62990207
1107,59990307;59990308;59990309;59990310;59990311;59990312,强化・城主之靴,3,1,1,0,1,0,1,0,62990307
1108,90312,神佑精华,1,1,1,0,1,0,0,0,1090312
1109,90313,神佑精华碎片,1,1,1,0,1,0,0,0,1090313
